Section Index,Minimum Magnitude
0,7.06146460771657
1,7.06146460771657
2,7.06146460771657
3,6.8
4,6.8
5,6.8
6,6.8
7,7.131851536143547
8,7.131851536143547
9,7.131851536143547
10,6.895965960387368
11,6.895965960387368
12,6.9665057492574185
13,6.9665057492574185
14,6.9665057492574185
15,6.8
16,6.8
17,6.8
18,6.8
19,6.8
20,6.8
21,6.8
22,6.8
23,6.8
24,6.8
25,6.8
26,6.8
27,6.8
28,6.8
29,6.8
30,6.8
31,6.8
32,6.8
33,6.8
34,6.8
35,6.8
36,6.8
37,6.8
38,6.8
39,6.8
40,6.8
41,6.918797822272503
42,6.918797822272503
43,6.918797822272503
44,6.918797822272503
45,6.918797822272503
46,6.918797822272503
47,6.918797822272503
48,6.918797822272503
49,6.918797822272503
50,6.918797822272503
51,6.918797822272503
52,6.918797822272503
53,6.918797822272503
54,6.918797822272503
55,6.918797822272503
56,6.918797822272503
57,6.918797822272503
58,6.918797822272503
59,6.918797822272503
60,6.918797822272503
61,6.918797822272503
62,6.860902454257282
63,6.860902454257282
64,6.860902454257282
65,6.860902454257282
66,6.860902454257282
67,6.860902454257282
68,6.860902454257282
69,6.860902454257282
70,6.860902454257282
71,6.860902454257282
72,6.8
73,6.8
74,6.8
75,6.8
76,6.8894629328567145
77,6.8894629328567145
78,6.8894629328567145
79,6.8894629328567145
80,6.8894629328567145
81,6.8894629328567145
82,6.823527561253643
83,6.823527561253643
84,6.823527561253643
85,6.823527561253643
86,6.823527561253643
87,6.823527561253643
88,6.823527561253643
89,6.823527561253643
90,6.9114715683530505
91,6.9114715683530505
92,6.9114715683530505
93,6.9114715683530505
94,6.9114715683530505
95,6.9114715683530505
96,6.9114715683530505
97,6.9114715683530505
98,7.006024579986985
99,7.006024579986985
100,7.006024579986985
101,7.006024579986985
102,7.006024579986985
103,6.8
104,6.8
105,6.8
106,6.8
107,6.8
108,6.8
109,6.8
110,6.8
111,6.8
112,6.8
113,6.8
114,6.8
115,6.8
116,6.8
117,6.8
118,6.8
119,6.8
120,6.8
121,6.9171771958985495
122,6.9171771958985495
123,7.250723367023937
124,7.250723367023937
125,7.250723367023937
126,7.250723367023937
127,6.871647853957281
128,6.871647853957281
129,6.871647853957281
130,6.871647853957281
131,6.871647853957281
132,6.871647853957281
133,6.871647853957281
134,6.871647853957281
135,6.913160839159861
136,6.913160839159861
137,6.9255532488331095
138,6.9255532488331095
139,6.9255532488331095
140,6.9255532488331095
141,6.9255532488331095
142,6.9255532488331095
143,6.9255532488331095
144,6.9255532488331095
145,6.9255532488331095
146,7.07354763914854
147,7.07354763914854
148,6.948578586796673
149,6.948578586796673
150,6.877458759890773
151,6.877458759890773
152,7.123906027154167
153,7.123906027154167
154,7.123906027154167
155,7.123906027154167
156,7.123906027154167
157,6.946066625891109
158,6.946066625891109
159,6.946066625891109
160,6.946066625891109
161,6.946066625891109
162,6.961092980837794
163,6.961092980837794
164,7.020940331404978
165,7.020940331404978
166,7.020940331404978
167,7.0464344910164165
168,7.0464344910164165
169,7.0464344910164165
170,6.8
171,6.8
172,6.8
173,6.8
174,6.8
175,6.997216616621268
176,6.997216616621268
177,6.997216616621268
178,6.918744123180604
179,6.918744123180604
180,6.852762427439676
181,6.852762427439676
182,6.852762427439676
183,6.852762427439676
184,7.179229175203455
185,7.179229175203455
186,7.179229175203455
187,6.811116909880983
188,6.811116909880983
189,6.8
190,6.8
191,6.8
192,6.8
193,6.8
194,6.8
195,6.8
196,6.8
197,6.8
198,6.8
199,6.8
200,6.8
201,6.8
202,6.8
203,6.8
204,6.8
205,6.910301512273433
206,6.910301512273433
207,6.910301512273433
208,6.910301512273433
209,6.910301512273433
210,6.8
211,6.8
212,6.8
213,6.8
214,6.8
215,6.8
216,6.8
217,6.8
218,6.8
219,6.8
220,6.8
221,6.92278880682021
222,6.92278880682021
223,6.92278880682021
224,6.8
225,6.8
226,6.8
227,6.8
228,6.920143006716606
229,6.920143006716606
230,6.920143006716606
231,6.920143006716606
232,6.920143006716606
233,6.8
234,6.8
235,6.8
236,6.8
237,6.8
238,6.8
239,6.8
240,6.8
241,6.8
242,6.823973561697157
243,6.823973561697157
244,6.823973561697157
245,6.823973561697157
246,6.823973561697157
247,6.823973561697157
248,6.823973561697157
249,6.823973561697157
250,6.823973561697157
251,6.823973561697157
252,6.952966716363957
253,6.952966716363957
254,6.952966716363957
255,6.952966716363957
256,6.952966716363957
257,6.952966716363957
258,6.914248578204852
259,6.914248578204852
260,6.8
261,6.8
262,6.8
263,6.8
264,6.8
265,6.8
266,6.8
267,6.8
268,6.8
269,6.8
270,6.8
271,6.8
272,6.8
273,6.8
274,6.8
275,6.8
276,6.8
277,6.8
278,6.8
279,6.8
280,6.8
281,6.8
282,6.8
283,6.8
284,6.8
285,6.8
286,6.8
287,6.8
288,6.8
289,6.8
290,6.8
291,6.8
292,6.8
293,6.8
294,6.8
295,6.8
296,6.8
297,6.8
298,6.8
299,6.8
300,6.8
301,6.8
302,6.8
303,6.8
304,6.8
305,6.8
306,6.8
307,6.8
308,6.8
309,6.8
310,6.8
311,6.8
312,6.8
313,6.8
314,6.8
315,6.8
316,6.8
317,6.8
318,6.8
319,6.8
320,6.8
321,6.8
322,6.8
323,6.8
324,6.8
325,6.8
326,6.8
327,6.8
328,6.8
329,6.8
330,6.8
331,6.8
332,6.8
333,6.8
334,6.8
335,6.8
336,6.8
337,6.8
338,6.8
339,6.8
340,6.8
341,6.8
342,6.8
343,6.8
344,6.8
345,6.8
346,6.8
347,6.8
348,6.8
349,6.8
350,6.8
351,6.8
352,6.8
353,6.8
354,6.8
355,6.8
356,6.8
357,6.8
358,6.8
359,6.8
360,6.8
361,6.8
362,6.8
363,6.8
364,6.8
365,6.8
366,6.8
367,6.8
368,6.8
369,6.8
370,6.8
371,6.8
372,6.8
373,6.8
374,6.8
375,6.8
376,6.8
377,6.8
378,6.8
379,6.8
380,6.8
381,6.8
382,6.8
383,6.8
384,6.8
385,6.8
386,6.8
387,6.8
388,6.8
389,6.8
390,6.8
391,6.8
392,6.8
393,6.8
394,6.8
395,6.8
396,6.8
397,6.8
398,6.8
399,6.8
400,6.90009740238437
401,6.90009740238437
402,6.817560343130904
403,6.817560343130904
404,6.817560343130904
405,6.901343705769678
406,6.901343705769678
407,6.901343705769678
408,6.901343705769678
409,6.901343705769678
410,6.901343705769678
411,7.222726692237719
412,7.222726692237719
413,7.062066390612411
414,7.062066390612411
415,7.062066390612411
416,6.909823635720615
417,6.909823635720615
418,6.909823635720615
419,6.909823635720615
420,6.8
421,6.8
422,6.8
423,6.8
424,6.8
425,6.8
426,6.8
427,6.8
428,6.95383464954671
429,6.95383464954671
430,6.95383464954671
431,6.95383464954671
432,6.95383464954671
433,6.889248510304228
434,6.889248510304228
435,6.889248510304228
436,6.889248510304228
437,6.889248510304228
438,6.889248510304228
439,6.939865030800305
440,6.939865030800305
441,6.939865030800305
442,6.939865030800305
443,6.939865030800305
444,6.939865030800305
445,6.939865030800305
446,6.8
447,6.8
448,6.8
449,6.8
450,6.8
451,6.8
452,6.8
453,6.8
454,6.8
455,6.8
456,6.8
457,6.834134667942796
458,6.834134667942796
459,6.834134667942796
460,6.901267952859471
461,6.901267952859471
462,6.802501278692983
463,6.802501278692983
464,6.802501278692983
465,6.819920345399218
466,6.819920345399218
467,6.917707909684376
468,6.917707909684376
469,6.917707909684376
470,6.834113786822465
471,6.834113786822465
472,6.834113786822465
473,6.834113786822465
474,6.884957213967194
475,6.884957213967194
476,6.884957213967194
477,6.884957213967194
478,6.968539146288785
479,6.968539146288785
480,6.968539146288785
481,6.8
482,6.8
483,6.8
484,6.8
485,6.8
486,6.8
487,6.8
488,6.892103801073312
489,6.892103801073312
490,6.892103801073312
491,6.892103801073312
492,6.8
493,6.8
494,6.8
495,6.8
496,6.8
497,6.8
498,6.8
499,6.8
500,6.8
501,6.8
502,6.8
503,6.8
504,6.8
505,6.823118377481062
506,6.823118377481062
507,7.038510157405588
508,7.038510157405588
509,7.038510157405588
510,7.183385202846235
511,7.183385202846235
512,7.183385202846235
513,7.183385202846235
514,6.8
515,6.8
516,6.8
517,6.8
518,6.8
519,6.8
520,6.8
521,6.8
522,6.8
523,6.8
524,6.880361142787951
525,6.880361142787951
526,7.020053324833386
527,7.020053324833386
528,7.020053324833386
529,7.020053324833386
530,7.020053324833386
531,6.98117571851248
532,6.98117571851248
533,6.98117571851248
534,6.98117571851248
535,6.975580215920368
536,6.975580215920368
537,6.975580215920368
538,6.975580215920368
539,6.826626487969983
540,6.826626487969983
541,6.826626487969983
542,6.8
543,6.8
544,6.8
545,6.8
546,6.8
547,6.8
548,6.8
549,6.8
550,6.8
551,6.8
552,6.8
553,6.8
554,6.8
555,6.8
556,6.8
557,6.86645467243744
558,6.86645467243744
559,6.984760409308113
560,6.984760409308113
561,6.984760409308113
562,7.1953123995516375
563,7.1953123995516375
564,6.8
565,6.8
566,6.8
567,6.8
568,6.8
569,6.8
570,6.995142470410263
571,6.995142470410263
572,6.995142470410263
573,6.995142470410263
574,6.9490948491905264
575,6.9490948491905264
576,6.9490948491905264
577,6.9490948491905264
578,6.9490948491905264
579,6.9490948491905264
580,6.9490948491905264
581,6.9490948491905264
582,6.9490948491905264
583,6.9490948491905264
584,6.869781442476834
585,6.869781442476834
586,6.869781442476834
587,6.869781442476834
588,6.869781442476834
589,6.869781442476834
590,6.869781442476834
591,6.869781442476834
592,7.124000830081449
593,7.124000830081449
594,7.124000830081449
595,7.124000830081449
596,6.8
597,6.8
598,6.8
599,6.8
600,6.8
601,6.8
602,6.8
603,7.096153287726349
604,7.096153287726349
605,7.014175170151855
606,7.014175170151855
607,7.014175170151855
608,7.22065788713383
609,7.22065788713383
610,7.22065788713383
611,7.22065788713383
612,6.946036794761201
613,6.946036794761201
614,6.946036794761201
615,7.136466335055681
616,7.136466335055681
617,7.136466335055681
618,6.8
619,6.8
620,6.903890503774877
621,6.903890503774877
622,6.984323227999058
623,6.984323227999058
624,6.984323227999058
625,6.887666265567246
626,6.887666265567246
627,6.887666265567246
628,6.939709525064011
629,6.939709525064011
630,6.8
631,6.8
632,6.8
633,6.8
634,6.8
635,6.8
636,6.8
637,6.8
638,6.8
639,6.8
640,6.8
641,6.8
642,6.8
643,6.8
644,6.8
645,7.064472667983572
646,7.064472667983572
647,7.064472667983572
648,6.934944852260835
649,6.934944852260835
650,6.934944852260835
651,6.934944852260835
652,6.934944852260835
653,6.942595495722698
654,6.942595495722698
655,6.942595495722698
656,6.942595495722698
657,6.942595495722698
658,6.942595495722698
659,6.942595495722698
660,6.810936587064109
661,6.810936587064109
662,6.810936587064109
663,6.810936587064109
664,6.810936587064109
665,6.810936587064109
666,7.2420364944459035
667,7.2420364944459035
668,6.801986233962505
669,6.801986233962505
670,6.8
671,6.8
672,6.8
673,6.8
674,7.084571943770147
675,7.084571943770147
676,7.084571943770147
677,7.120571472811546
678,7.120571472811546
679,7.120571472811546
680,6.8
681,6.8
682,6.8
683,6.8
684,6.8
685,7.067983676288161
686,7.067983676288161
687,7.067983676288161
688,7.067983676288161
689,7.067983676288161
690,7.067983676288161
691,7.256535295659093
692,7.256535295659093
693,6.9480349972127335
694,6.9480349972127335
695,6.9480349972127335
696,6.9480349972127335
697,6.9480349972127335
698,6.9480349972127335
699,6.9480349972127335
700,6.9480349972127335
701,6.9480349972127335
702,6.9480349972127335
703,6.9480349972127335
704,6.9480349972127335
705,6.9480349972127335
706,7.064161480070441
707,7.064161480070441
708,7.064161480070441
709,7.064161480070441
710,7.064161480070441
711,6.831050959435707
712,6.831050959435707
713,6.831050959435707
714,6.8
715,6.8
716,6.8
717,6.8
718,6.8
719,6.8
720,6.8
721,6.8
722,6.8
723,6.8
724,6.8
725,6.8
726,6.8
727,6.8
728,6.8
729,6.8
730,6.8
731,6.8
732,6.8
733,6.8
734,6.8
735,6.8
736,6.8
737,6.86324757333116
738,6.86324757333116
739,6.86324757333116
740,6.86324757333116
741,6.86324757333116
742,6.8
743,6.8
744,6.8
745,6.8
746,6.8
747,6.8
748,6.8
749,6.8
750,6.8
751,6.8
752,6.8
753,6.8
754,6.8
755,6.8
756,6.8
757,6.8
758,6.8
759,6.8
760,6.8
761,6.8
762,6.8
763,6.8
764,6.827365457374871
765,6.827365457374871
766,6.827365457374871
767,6.827365457374871
768,6.827365457374871
769,6.8
770,6.8
771,6.8
772,6.8
773,6.8
774,7.011970602974134
775,7.011970602974134
776,7.011970602974134
777,6.8
778,6.8
779,6.8
780,6.8
781,6.8
782,6.8
783,6.997885558921546
784,6.997885558921546
785,6.997885558921546
786,6.997885558921546
787,6.997885558921546
788,6.997885558921546
789,6.997885558921546
790,6.874816264579665
791,6.874816264579665
792,6.874816264579665
793,6.874816264579665
794,6.916448927882157
795,6.916448927882157
796,6.916448927882157
797,6.916448927882157
798,6.916448927882157
799,6.8786790568981395
800,6.8786790568981395
801,6.8786790568981395
802,6.8786790568981395
803,6.8786790568981395
804,6.8786790568981395
805,7.0998717962702855
806,7.0998717962702855
807,7.084175808582763
808,7.084175808582763
809,7.084175808582763
810,7.084175808582763
811,7.084175808582763
812,7.084175808582763
813,7.084175808582763
814,6.8
815,6.8
816,6.8
817,7.114286276782002
818,7.114286276782002
819,7.114286276782002
820,7.114286276782002
821,7.087254955891592
822,7.087254955891592
823,6.8
824,6.8
825,6.8
826,6.8
827,6.8
828,6.946619628669743
829,6.946619628669743
830,7.027124228113326
831,7.027124228113326
832,7.027124228113326
833,7.027124228113326
834,7.2422048004835515
835,7.2422048004835515
836,6.9329268045635795
837,6.9329268045635795
838,6.9329268045635795
839,6.9329268045635795
840,6.9329268045635795
841,6.9329268045635795
842,6.9329268045635795
843,6.9329268045635795
844,6.9329268045635795
845,6.8
846,6.8
847,6.8
848,6.8
849,6.8707118783011705
850,6.8707118783011705
851,6.8
852,6.8
853,6.8
854,6.8
855,6.8
856,6.8
857,6.8
858,6.8
859,6.8
860,6.8
861,6.8
862,6.8
863,6.8
864,6.8
865,7.049262866265476
866,7.049262866265476
867,6.972782109164815
868,6.972782109164815
869,6.972782109164815
870,6.844981262343792
871,6.844981262343792
872,6.844981262343792
873,6.844981262343792
874,6.844981262343792
875,6.8
876,6.8
877,6.8
878,6.8
879,6.8
880,7.029460646694535
881,7.029460646694535
882,7.029460646694535
883,7.029460646694535
884,7.029460646694535
885,6.844111249415766
886,6.844111249415766
887,6.844111249415766
888,6.8
889,6.8
890,6.8
891,6.8
892,6.8
893,6.8
894,6.8
895,6.8
896,6.8
897,6.8
898,6.8
899,6.8
900,6.8
901,6.8
902,6.8
903,6.8
904,6.8
905,6.8
906,6.8
907,6.8
908,6.8
909,6.8
910,6.8
911,6.8
912,6.8
913,6.8
914,6.8
915,6.8
916,6.8
917,6.8
918,6.8
919,6.8
920,6.8
921,6.8
922,6.8
923,6.8
924,6.8
925,6.8
926,6.8
927,6.8
928,6.8
929,6.8
930,6.8
931,6.887563555710182
932,6.887563555710182
933,6.8
934,6.8
935,6.8
936,6.8
937,6.8
938,6.8
939,6.8
940,6.8
941,7.020108794289865
942,7.020108794289865
943,7.020108794289865
944,6.8
945,6.8
946,6.8
947,6.804589798639129
948,6.804589798639129
949,6.804589798639129
950,6.922703966781333
951,6.922703966781333
952,6.922703966781333
953,6.922703966781333
954,6.813790247064641
955,6.813790247064641
956,6.92667523456481
957,6.92667523456481
958,6.92667523456481
959,6.92667523456481
960,6.92667523456481
961,6.92667523456481
962,6.92667523456481
963,6.92667523456481
964,6.92667523456481
965,6.92667523456481
966,6.92667523456481
967,6.9256592322393224
968,6.9256592322393224
969,6.9256592322393224
970,6.9256592322393224
971,6.9256592322393224
972,6.8
973,6.8
974,6.8
975,6.8
976,6.8
977,6.859363324265814
978,6.859363324265814
979,6.8
980,6.8
981,6.8
982,6.8
983,6.8
984,6.8
985,6.8
986,6.8
987,6.8
988,6.8
989,6.8
990,6.8
991,6.8
992,6.8
993,6.8
994,6.8
995,6.8
996,6.8
997,6.8
998,7.017819972485171
999,7.017819972485171
1000,6.8
1001,6.8
1002,6.8
1003,6.8
1004,6.8
1005,6.8
1006,7.247601526403517
1007,7.247601526403517
1008,7.247601526403517
1009,6.860886467325949
1010,6.860886467325949
1011,6.860886467325949
1012,6.860886467325949
1013,6.88509716680375
1014,6.88509716680375
1015,6.88509716680375
1016,6.88509716680375
1017,7.021753767308786
1018,7.021753767308786
1019,7.099856991987778
1020,7.099856991987778
1021,6.928181516000455
1022,6.928181516000455
1023,6.928181516000455
1024,6.955770293789081
1025,6.955770293789081
1026,6.955770293789081
1027,7.152088372993968
1028,7.152088372993968
1029,7.152088372993968
1030,7.042049441961816
1031,7.042049441961816
1032,7.042049441961816
1033,7.042049441961816
1034,7.042049441961816
1035,6.884290537027343
1036,6.884290537027343
1037,6.884290537027343
1038,6.8
1039,6.8
1040,6.8
1041,6.8
1042,6.936720328132838
1043,6.936720328132838
1044,6.957293052259518
1045,6.957293052259518
1046,6.957293052259518
1047,6.957293052259518
1048,6.848221293849994
1049,6.848221293849994
1050,6.848221293849994
1051,6.848221293849994
1052,6.8
1053,6.8
1054,6.8
1055,6.8
1056,6.8
1057,6.8
1058,7.125148407261617
1059,7.125148407261617
1060,7.125148407261617
1061,7.125148407261617
1062,7.125148407261617
1063,6.8
1064,6.8
1065,6.8
1066,6.8
1067,6.8
1068,6.8
1069,6.8
1070,6.8
1071,6.8
1072,6.8
1073,6.8
1074,6.8
1075,6.8
1076,6.8
1077,6.8
1078,6.8
1079,6.9931668479188165
1080,6.9931668479188165
1081,6.8
1082,6.8
1083,6.8
1084,6.8
1085,6.8
1086,6.8
1087,6.8
1088,6.8
1089,6.8
1090,6.8
1091,6.8
1092,6.8
1093,6.8
1094,6.8
1095,6.8
1096,6.8
1097,6.8
1098,6.8
1099,6.8
1100,6.8
1101,6.8
1102,6.8
1103,6.8
1104,6.8
1105,6.8
1106,6.8
1107,6.8
1108,6.8
1109,6.8
1110,6.8
1111,6.8
1112,6.8
1113,6.8
1114,6.8
1115,6.8
1116,6.8
1117,6.8
1118,6.8
1119,6.8
1120,6.8
1121,7.148448734982074
1122,7.148448734982074
1123,7.148448734982074
1124,7.148448734982074
1125,6.8
1126,6.8
1127,6.8
1128,6.8
1129,6.8
1130,6.8
1131,6.8
1132,6.8
1133,6.8
1134,6.8
1135,6.8
1136,6.8
1137,6.8
1138,6.8
1139,6.8
1140,6.8
1141,6.8
1142,6.8
1143,6.8
1144,6.8
1145,6.8
1146,6.8
1147,6.8
1148,6.8
1149,6.8
1150,6.8
1151,6.89945470604879
1152,6.89945470604879
1153,6.89945470604879
1154,7.109934764930748
1155,7.109934764930748
1156,7.109934764930748
1157,7.1481385350767805
1158,7.1481385350767805
1159,7.1481385350767805
1160,7.056288023780836
1161,7.056288023780836
1162,7.056288023780836
1163,6.863323326322254
1164,6.863323326322254
1165,6.863323326322254
1166,6.863323326322254
1167,6.8
1168,6.8
1169,6.8
1170,6.8
1171,6.8
1172,6.8
1173,6.8
1174,6.8
1175,6.8
1176,6.8
1177,6.8
1178,6.8
1179,6.8
1180,6.8
1181,6.8
1182,6.8
1183,6.8
1184,6.8
1185,6.983468975456674
1186,6.983468975456674
1187,6.983468975456674
1188,6.983468975456674
1189,6.983468975456674
1190,6.898483651572485
1191,6.898483651572485
1192,6.898483651572485
1193,6.898483651572485
1194,6.898483651572485
1195,6.898483651572485
1196,6.898483651572485
1197,6.898483651572485
1198,6.898483651572485
1199,6.898483651572485
1200,6.8
1201,6.8
1202,6.8
1203,6.8
1204,6.8
1205,6.8
1206,6.8
1207,6.8
1208,6.9619715024412505
1209,6.9619715024412505
1210,6.9619715024412505
1211,6.9322841450598744
1212,6.9322841450598744
1213,6.9322841450598744
1214,6.9322841450598744
1215,6.9322841450598744
1216,6.9322841450598744
1217,6.9322841450598744
1218,6.9322841450598744
1219,6.9322841450598744
1220,7.129398004058112
1221,7.129398004058112
1222,7.129398004058112
1223,7.129398004058112
1224,7.129398004058112
1225,6.8
1226,6.8
1227,6.8
1228,6.8
1229,7.104075181943272
1230,7.104075181943272
1231,6.901834856510156
1232,6.901834856510156
1233,6.901834856510156
1234,6.936894572395671
1235,6.936894572395671
1236,6.963671301498772
1237,6.963671301498772
1238,6.8
1239,6.8
1240,6.8
1241,6.8
1242,6.8
1243,6.8
1244,6.8
1245,6.8
1246,6.8
1247,6.8
1248,6.8
1249,6.8
1250,6.8
1251,6.8
1252,6.8
1253,6.8
1254,6.8
1255,6.8
1256,6.8
1257,6.8
1258,6.8
1259,6.8
1260,6.8
1261,6.8
1262,6.8
1263,6.8
1264,6.819423280576089
1265,6.819423280576089
1266,6.819423280576089
1267,6.8
1268,6.8
1269,6.8
1270,6.8
1271,6.8
1272,6.8
1273,6.8
1274,6.8
1275,6.9919070710622915
1276,6.9919070710622915
1277,7.101208177554907
1278,7.101208177554907
1279,6.8
1280,6.8
1281,7.213271072063257
1282,7.213271072063257
1283,6.98510421278748
1284,6.98510421278748
1285,6.98510421278748
1286,6.989497979105743
1287,6.989497979105743
1288,6.989497979105743
1289,6.942732311506726
1290,6.942732311506726
1291,6.942732311506726
1292,6.889048815636514
1293,6.889048815636514
1294,6.889048815636514
1295,6.8
1296,6.8
1297,6.8
1298,6.8
1299,6.8
1300,7.098474267299856
1301,7.098474267299856
1302,7.250509060565022
1303,7.250509060565022
1304,7.250509060565022
1305,6.8
1306,6.8
1307,6.8
1308,6.881785288348047
1309,6.881785288348047
1310,6.94274692086312
1311,6.94274692086312
1312,6.8
1313,6.8
1314,6.8
1315,6.8
1316,6.8
1317,6.8
1318,6.8
1319,6.847528778803236
1320,6.847528778803236
1321,6.921102051514632
1322,6.921102051514632
1323,6.8
1324,6.8
1325,6.8
1326,6.8
1327,6.8
1328,6.8
1329,6.8
1330,6.8
1331,6.8
1332,6.8
1333,6.8
1334,6.8
1335,6.8
1336,6.8
1337,6.8
1338,6.8
1339,6.8
1340,6.8
1341,6.805047927311586
1342,6.805047927311586
1343,6.805047927311586
1344,6.805047927311586
1345,6.805047927311586
1346,6.805047927311586
1347,6.8
1348,6.8
1349,6.8
1350,6.8
1351,6.8
1352,6.8
1353,6.8
1354,6.8
1355,6.8
1356,6.8
1357,6.912876898782217
1358,6.912876898782217
1359,7.1115815015360475
1360,7.1115815015360475
1361,7.059560134069679
1362,7.059560134069679
1363,6.8
1364,6.8
1365,6.840984677239142
1366,6.840984677239142
1367,6.840984677239142
1368,6.840984677239142
1369,6.840984677239142
1370,6.840984677239142
1371,6.840984677239142
1372,6.8
1373,6.8
1374,6.8
1375,6.8
1376,6.861902240004476
1377,6.861902240004476
1378,6.861902240004476
1379,6.861902240004476
1380,6.811669846913659
1381,6.811669846913659
1382,6.811669846913659
1383,6.811669846913659
1384,6.872080129491955
1385,6.872080129491955
1386,6.872080129491955
1387,6.872080129491955
1388,6.8
1389,6.8
1390,6.8
1391,6.8
1392,6.8
1393,6.8
1394,6.8
1395,6.8
1396,6.8
1397,6.978078728479224
1398,6.978078728479224
1399,6.978078728479224
1400,6.978078728479224
1401,6.978078728479224
1402,7.290846259248569
1403,7.290846259248569
1404,7.290846259248569
1405,6.816029502828356
1406,6.816029502828356
1407,6.816029502828356
1408,6.816029502828356
1409,6.963106042239865
1410,6.963106042239865
1411,6.963106042239865
1412,6.963106042239865
1413,7.214253591570506
1414,7.214253591570506
1415,7.214253591570506
1416,7.214253591570506
1417,7.033101951549202
1418,7.033101951549202
1419,7.033101951549202
1420,6.878603686170623
1421,6.878603686170623
1422,6.8
1423,6.8
1424,6.8
1425,6.8
1426,6.8
1427,6.8
1428,6.8
1429,6.8
1430,6.8
1431,6.8
1432,6.8
1433,6.8
1434,6.8
1435,6.8
1436,6.8
1437,6.8
1438,6.8
1439,6.8
1440,6.8
1441,6.8
1442,6.8
1443,6.8
1444,6.8
1445,6.8
1446,6.8
1447,6.8
1448,6.8
1449,6.8
1450,6.8
1451,6.8
1452,6.8
1453,6.8
1454,6.8
1455,6.8
1456,7.059332287027297
1457,7.059332287027297
1458,7.059332287027297
1459,7.096056657366674
1460,7.096056657366674
1461,7.096056657366674
1462,7.260771834867153
1463,7.260771834867153
1464,7.260771834867153
1465,6.975508506087353
1466,6.975508506087353
1467,6.975508506087353
1468,6.975508506087353
1469,6.8
1470,6.8
1471,6.8
1472,6.8
1473,6.8
1474,6.8
1475,6.8
1476,6.8
1477,6.8
1478,6.8
1479,6.8
1480,6.8
1481,6.8
1482,6.9019988816563576
1483,6.9019988816563576
1484,6.859126085790976
1485,6.859126085790976
1486,6.8
1487,6.8
1488,6.8
1489,6.8
1490,6.8
1491,6.8
1492,6.8
1493,6.8
1494,6.8
1495,6.93145030404966
1496,6.93145030404966
1497,6.8
1498,6.8
1499,6.8
1500,6.8
1501,6.8
1502,6.8
1503,6.8
1504,6.8
1505,6.8
1506,6.8
1507,6.8
1508,6.8
1509,6.8
1510,6.8
1511,6.8
1512,6.8
1513,6.8
1514,6.8
1515,6.8
1516,6.8
1517,6.8
1518,6.8
1519,6.8
1520,6.8
1521,6.8
1522,6.876102763226604
1523,6.876102763226604
1524,6.876102763226604
1525,6.8
1526,6.8
1527,6.8
1528,6.8
1529,6.8
1530,6.8
1531,6.8
1532,6.8
1533,6.8
1534,6.8
1535,7.082326795543528
1536,7.082326795543528
1537,6.8
1538,6.8
1539,6.8
1540,6.8
1541,6.8
1542,6.8
1543,6.8
1544,6.8
1545,6.8
1546,6.849599731855914
1547,6.849599731855914
1548,6.8
1549,6.8
1550,6.8
1551,6.8
1552,6.933989268068116
1553,6.933989268068116
1554,6.933989268068116
1555,6.933989268068116
1556,6.933989268068116
1557,6.933989268068116
1558,6.8179206610428835
1559,6.8179206610428835
1560,6.8179206610428835
1561,6.8179206610428835
1562,6.8
1563,6.8
1564,6.8
1565,7.223965468234686
1566,7.223965468234686
1567,7.223965468234686
1568,7.186645995195025
1569,7.186645995195025
1570,7.186645995195025
1571,6.954426047418874
1572,6.954426047418874
1573,6.954426047418874
1574,6.8
1575,6.8
1576,6.8
1577,6.8
1578,6.8
1579,7.184513370911244
1580,7.184513370911244
1581,6.8
1582,6.8
1583,6.8
1584,6.8
1585,6.8
1586,6.8
1587,6.8
1588,6.8
1589,6.8
1590,6.8
1591,6.8
1592,6.8
1593,6.8
1594,6.8
1595,6.8
1596,6.8
1597,6.8
1598,6.8
1599,6.8
1600,6.8
1601,6.8
1602,6.8
1603,6.8
1604,6.8
1605,6.8
1606,6.8
1607,6.8
1608,6.8
1609,6.8
1610,6.8
1611,6.8
1612,6.8
1613,6.8
1614,6.8
1615,6.977273192864645
1616,6.977273192864645
1617,7.156728635592893
1618,7.156728635592893
1619,7.156728635592893
1620,6.8
1621,6.8
1622,6.927396360006183
1623,6.927396360006183
1624,6.927396360006183
1625,6.927396360006183
1626,7.010192089206569
1627,7.010192089206569
1628,6.8
1629,6.8
1630,6.8
1631,6.8
1632,6.8
1633,6.8
1634,6.8
1635,6.8
1636,6.8
1637,6.8
1638,6.8
1639,6.8
1640,6.8
1641,7.131199684342041
1642,7.131199684342041
1643,7.166626155143763
1644,7.166626155143763
1645,6.8
1646,6.8
1647,6.8
1648,6.8
1649,6.963027681076846
1650,6.963027681076846
1651,6.8
1652,6.8
1653,6.931897637491322
1654,6.931897637491322
1655,6.8
1656,6.8
1657,6.8
1658,6.8
1659,6.8
1660,6.8
1661,7.356947553363142
1662,7.356947553363142
1663,6.8
1664,6.8
1665,6.8
1666,6.8
1667,6.8
1668,6.8
1669,6.8
1670,6.8
1671,6.8
1672,6.8
1673,6.8
1674,6.8
1675,6.8
1676,6.8
1677,6.8
1678,6.8
1679,6.8
1680,6.8
1681,6.8
1682,6.8
1683,6.8
1684,7.28384108375365
1685,7.28384108375365
1686,7.28384108375365
1687,6.921651390033862
1688,6.921651390033862
1689,6.921651390033862
1690,6.8
1691,6.8
1692,6.945242805266104
1693,6.945242805266104
1694,6.945242805266104
1695,6.945242805266104
1696,7.006399157386721
1697,7.006399157386721
1698,7.006399157386721
1699,7.006399157386721
1700,7.006399157386721
1701,6.879611023873734
1702,6.879611023873734
1703,6.879611023873734
1704,6.879611023873734
1705,6.879611023873734
1706,6.879611023873734
1707,6.811523028345405
1708,6.811523028345405
1709,6.811523028345405
1710,6.8
1711,6.8
1712,6.8
1713,6.8
1714,6.8
1715,6.8
1716,6.8
1717,6.8
1718,6.8
1719,6.8
1720,7.012295895530458
1721,7.012295895530458
1722,7.012295895530458
1723,7.012295895530458
1724,7.012295895530458
1725,6.8
1726,6.8
1727,6.8
1728,6.8
1729,6.8
1730,6.8
1731,6.8
1732,6.8
1733,7.062790164164575
1734,7.062790164164575
1735,6.920742902309792
1736,6.920742902309792
1737,6.8
1738,6.8
1739,6.8
1740,7.044880956999869
1741,7.044880956999869
1742,7.044880956999869
1743,6.8
1744,6.8
1745,6.8
1746,6.8
1747,6.8
1748,6.8
1749,6.8
1750,6.8
1751,6.8
1752,6.8
1753,6.8
1754,6.8
1755,6.8
1756,6.8
1757,6.9727888200646015
1758,6.9727888200646015
1759,6.9727888200646015
1760,6.9727888200646015
1761,6.8
1762,6.8
1763,6.8
1764,6.8
1765,6.8
1766,6.8
1767,6.8
1768,6.8
1769,6.8
1770,6.8
1771,6.8
1772,6.8
1773,6.8
1774,6.8
1775,6.8
1776,6.8
1777,6.8
1778,6.8
1779,6.8
1780,6.8
1781,6.8
1782,6.8
1783,6.858477234937732
1784,6.858477234937732
1785,6.858477234937732
1786,6.858477234937732
1787,6.858477234937732
1788,6.858477234937732
1789,6.858477234937732
1790,6.876791279432639
1791,6.876791279432639
1792,6.876791279432639
1793,6.876791279432639
1794,6.97752500319454
1795,6.97752500319454
1796,7.273265327803179
1797,7.273265327803179
1798,6.8
1799,6.8
1800,6.864207775172403
1801,6.864207775172403
1802,6.864207775172403
1803,6.864207775172403
1804,6.8
1805,6.8
1806,6.8
1807,6.8
1808,6.8
1809,6.8
1810,6.8
1811,6.961523991119995
1812,6.961523991119995
1813,6.961523991119995
1814,7.077629761288984
1815,7.077629761288984
1816,7.077629761288984
1817,7.077629761288984
1818,7.077629761288984
1819,7.077629761288984
1820,7.077629761288984
1821,7.077629761288984
1822,7.174867479390915
1823,7.174867479390915
1824,7.174867479390915
1825,7.174867479390915
1826,6.916705464757861
1827,6.916705464757861
1828,6.8
1829,6.8
1830,6.8
1831,6.804105454994573
1832,6.804105454994573
1833,6.804105454994573
1834,6.804105454994573
1835,7.169626076177366
1836,7.169626076177366
1837,7.169626076177366
1838,6.9623015948008184
1839,6.9623015948008184
1840,6.9623015948008184
1841,6.9623015948008184
1842,6.9623015948008184
1843,6.9623015948008184
1844,6.9623015948008184
1845,6.8
1846,6.8
1847,6.8
1848,6.8
1849,6.8
1850,6.8
1851,6.887558961585418
1852,6.887558961585418
1853,6.887558961585418
1854,6.8
1855,6.8
1856,6.8
1857,6.8
1858,6.8
1859,6.8
1860,6.8
1861,6.8
1862,6.8
1863,6.8
1864,6.8
1865,6.8
1866,6.8
1867,6.8
1868,6.846159328456947
1869,6.846159328456947
1870,6.8
1871,6.8
1872,6.8512944658349175
1873,6.8512944658349175
1874,6.8512944658349175
1875,6.8512944658349175
1876,6.8512944658349175
1877,6.8512944658349175
1878,7.257002289450636
1879,7.257002289450636
1880,6.931168138677407
1881,6.931168138677407
1882,6.931168138677407
1883,6.872051879134705
1884,6.872051879134705
1885,6.872051879134705
1886,6.964577645814481
1887,6.964577645814481
1888,6.964577645814481
1889,7.010347285708326
1890,7.010347285708326
1891,7.179540330395813
1892,7.179540330395813
1893,7.154358197157061
1894,7.154358197157061
1895,7.178881929171595
1896,7.178881929171595
1897,6.8
1898,6.8
1899,6.8
1900,6.8
1901,6.8
1902,6.8
1903,6.8
1904,6.8
1905,6.8
1906,6.8
1907,6.906782293721356
1908,6.906782293721356
1909,7.051129656866491
1910,7.051129656866491
1911,7.051129656866491
1912,7.051129656866491
1913,6.8
1914,6.8
1915,6.8
1916,6.8
1917,6.8
1918,6.8
1919,6.8
1920,6.8
1921,6.8
1922,6.8
1923,6.8
1924,6.8
1925,6.93472477686007
1926,6.93472477686007
1927,6.93472477686007
1928,6.944153547379985
1929,6.944153547379985
1930,6.944153547379985
1931,6.8
1932,6.8
1933,6.8
1934,6.8
1935,7.0409170018606835
1936,7.0409170018606835
1937,7.0409170018606835
1938,7.0409170018606835
1939,6.9590053868730255
1940,6.9590053868730255
1941,6.9590053868730255
1942,6.9590053868730255
1943,6.9590053868730255
1944,6.9590053868730255
1945,6.8
1946,6.8
1947,6.8
1948,6.8
1949,6.8
1950,6.8
1951,6.8
1952,6.8
1953,6.8
1954,6.8
1955,6.8
1956,6.8
1957,6.8
1958,6.8
1959,6.8
1960,6.8
1961,6.8
1962,6.8
1963,6.8
1964,6.8
1965,6.8
1966,6.8
1967,6.8
1968,6.8
1969,6.8
1970,6.8
1971,6.8
1972,6.8
1973,6.8
1974,6.8
1975,6.8
1976,6.8
1977,6.8
1978,6.8
1979,6.8
1980,6.8
1981,6.8
1982,6.8
1983,6.8
1984,6.8
1985,6.8
1986,6.8
1987,6.8
1988,6.8
1989,6.8
1990,6.8
1991,6.8
1992,6.8
1993,6.8
1994,6.8
1995,6.8
1996,6.8
1997,6.8
1998,6.8
1999,6.8
2000,6.816613817006203
2001,6.816613817006203
2002,6.816613817006203
2003,6.8
2004,6.8
2005,6.8
2006,6.8
2007,6.8
2008,6.8
2009,6.8
2010,6.8
2011,6.8
2012,6.8
2013,6.8
2014,6.8
2015,6.8
2016,6.8
2017,6.8
2018,6.8
2019,6.8
2020,6.8
2021,6.8
2022,6.8
2023,7.136499266681364
2024,7.136499266681364
2025,7.136499266681364
2026,7.136499266681364
2027,7.136499266681364
2028,7.054760176532015
2029,7.054760176532015
2030,6.875597076375513
2031,6.875597076375513
2032,6.8040686550179625
2033,6.8040686550179625
2034,6.8
2035,6.8
2036,6.8
2037,6.8
2038,6.8
2039,6.8
2040,6.8
2041,6.8
2042,6.8
2043,6.825644753335973
2044,6.825644753335973
2045,6.825644753335973
2046,6.825644753335973
2047,6.825644753335973
2048,6.825644753335973
2049,6.8
2050,6.8
2051,6.8
2052,6.8
2053,6.8
2054,6.8
2055,6.8
2056,7.156130139809768
2057,7.156130139809768
2058,7.156130139809768
2059,7.156130139809768
2060,7.156130139809768
2061,7.156130139809768
2062,6.8
2063,6.8
2064,6.8
2065,6.8
2066,6.8
2067,6.8
2068,6.8
2069,6.981360315570363
2070,6.981360315570363
2071,6.981360315570363
2072,6.981360315570363
2073,6.981360315570363
2074,6.8252988422638
2075,6.8252988422638
2076,6.8252988422638
2077,6.8252988422638
2078,6.8252988422638
2079,6.8252988422638
2080,6.8252988422638
2081,6.8252988422638
2082,7.029431390984947
2083,7.029431390984947
2084,7.029431390984947
2085,7.029431390984947
2086,6.993060155676689
2087,6.993060155676689
2088,6.993060155676689
2089,6.8
2090,6.8
2091,6.8
2092,6.8
2093,6.8
2094,6.8
2095,6.8
2096,6.8
2097,6.8
2098,6.8
2099,6.8
2100,6.8
2101,6.8
2102,6.8
2103,6.8
2104,6.8
2105,6.8
2106,6.8
2107,6.8
2108,6.8
2109,6.8
2110,6.8
2111,6.8
2112,6.8
2113,6.80604357308442
2114,6.80604357308442
2115,6.80604357308442
2116,6.8
2117,6.8
2118,6.864507948491816
2119,6.864507948491816
2120,6.864507948491816
2121,6.864507948491816
2122,6.864507948491816
2123,6.864507948491816
2124,6.864507948491816
2125,6.864507948491816
2126,6.864507948491816
2127,6.864507948491816
2128,6.864507948491816
2129,6.8
2130,6.8
2131,6.8
2132,6.8
2133,6.8
2134,6.8
2135,6.8
2136,7.065631163328343
2137,7.065631163328343
2138,6.8
2139,6.8
2140,6.8
2141,6.8
2142,6.8
2143,6.8
2144,6.8
2145,6.8
2146,6.8
2147,6.8
2148,6.8
2149,6.8
2150,6.8
2151,6.8
2152,6.8
2153,6.8
2154,6.8
2155,6.8
2156,6.8
2157,6.8
2158,6.8
2159,6.8
2160,6.8
2161,6.8
2162,6.8
2163,6.8
2164,6.8
2165,6.8
2166,6.8
2167,6.8
2168,6.8
2169,6.8
2170,6.8
2171,6.8
2172,6.8
2173,6.8580234407780525
2174,6.8580234407780525
2175,6.8580234407780525
2176,6.8580234407780525
2177,6.8580234407780525
2178,6.8
2179,6.8
2180,6.8
2181,6.8
2182,6.8
2183,6.9379992543683695
2184,6.9379992543683695
2185,6.9379992543683695
2186,6.9379992543683695
2187,6.9379992543683695
2188,6.9379992543683695
2189,6.8
2190,6.8
2191,6.8
2192,6.8
2193,6.8
2194,6.8
2195,6.8
2196,6.8
2197,6.8
2198,6.8
2199,6.8
2200,6.8
2201,6.8
2202,6.8
2203,6.8
2204,6.8
2205,6.8
2206,6.8
2207,6.8
2208,6.8
2209,6.8
2210,6.8
2211,6.8
2212,6.8
2213,6.8
2214,6.8
2215,6.8
2216,6.8
2217,6.8
2218,6.8
2219,6.8
2220,6.8
2221,6.8
2222,6.8
2223,7.0952894771486825
2224,7.0952894771486825
2225,7.0952894771486825
2226,6.8
2227,6.8
2228,6.8
2229,6.8
2230,6.8
2231,6.8
2232,6.8
2233,6.8
2234,6.8
2235,6.8
2236,7.014640153146592
2237,7.014640153146592
2238,7.014640153146592
2239,7.014640153146592
2240,6.8
2241,6.8
2242,6.8
2243,6.8
2244,6.8
2245,6.8
2246,6.8
2247,6.8
2248,6.8
2249,6.937395533534278
2250,6.937395533534278
2251,6.937395533534278
2252,6.937395533534278
2253,6.937395533534278
2254,6.937395533534278
2255,6.8
2256,6.8
2257,6.8
2258,6.8
2259,6.954722771088228
2260,6.954722771088228
2261,6.954722771088228
2262,6.954722771088228
2263,6.954722771088228
2264,6.954722771088228
2265,6.954722771088228
2266,6.954722771088228
2267,6.954722771088228
2268,6.8
2269,6.8
2270,6.8
2271,6.8
2272,6.8
2273,6.8
2274,6.8
2275,6.8
2276,6.8
2277,6.8
2278,6.8
2279,6.8
2280,6.8
2281,6.8
2282,6.8
2283,6.8
2284,6.8
2285,6.8
2286,6.8
2287,6.8
2288,6.8
2289,6.8
2290,6.8
2291,6.8
2292,6.8128388901633095
2293,6.8128388901633095
2294,6.8128388901633095
2295,6.8128388901633095
2296,6.8128388901633095
2297,6.8128388901633095
2298,6.837304691063968
2299,6.837304691063968
2300,6.837304691063968
2301,6.837304691063968
2302,6.837304691063968
2303,6.837304691063968
2304,6.837304691063968
2305,6.837304691063968
2306,6.837304691063968
2307,6.837304691063968
2308,6.837304691063968
2309,6.81484389741412
2310,6.81484389741412
2311,7.042334205409621
2312,7.042334205409621
2313,7.042334205409621
2314,6.8
2315,6.8
2316,6.8
2317,6.8
2318,6.8
2319,6.8
2320,6.842545991606174
2321,6.842545991606174
2322,6.842545991606174
2323,6.888611919587726
2324,6.888611919587726
