Iteration,Time (ms),# Perturbations,# Worse Values Kept,# Non-Zero,Total Energy,Equality Energy,Entropy Energy,Inequality Energy,Uncertain Slip Rate,Paleoseismic Event Rate,Laplacian Smoothing (43 parents),Rupture Rate Minimization,Uncertain MFD Equality
8848327,30445,456610,74290,25042,3470.3071,3470.3071,0.0,0.0,2147.0945,192.06555,9.282135,0.09482929,1121.7701
20278845,61476,1020816,101429,18811,4499.1455,4499.1455,0.0,0.0,2951.7197,441.739,2.3250694,0.13295798,1103.2288
31367865,92654,1477248,122094,12698,5221.0854,5221.0854,0.0,0.0,3384.8625,833.3576,2.9441397,0.21183269,999.7095
41600588,123850,1784903,135750,10254,5586.9634,5586.9634,0.0,0.0,3347.7017,1179.1874,5.579894,0.23631196,1054.258
53466523,154987,2066517,146755,9249,5894.8506,5894.8506,0.0,0.0,3325.5662,1444.6011,9.185672,0.2995359,1115.198
66491706,186190,2313494,155266,7836,6127.7993,6127.7993,0.0,0.0,3340.0483,1611.9867,13.151191,0.3554997,1162.2579
77984742,217294,2505360,161516,6979,6269.9185,6269.9185,0.0,0.0,3356.5989,1699.9513,15.945126,0.36828256,1197.0549
88519580,248407,2674013,166943,5697,6339.7603,6339.7603,0.0,0.0,3387.769,1719.3837,18.547756,0.4101616,1213.6495
99470906,279530,2803546,171370,4667,6353.983,6353.983,0.0,0.0,3395.2573,1717.1606,19.000418,0.42781794,1222.1367
109999865,310602,2908616,175074,4286,6351.003,6351.003,0.0,0.0,3406.0835,1704.0104,19.255756,0.44561037,1221.2079
120924159,340945,3003831,178621,3740,6330.6406,6330.6406,0.0,0.0,3411.0715,1682.3698,19.13758,0.48141387,1217.5801
133126077,372175,3097561,181899,3653,6299.706,6299.706,0.0,0.0,3411.0415,1655.3528,19.198278,0.50685203,1213.6066
148418253,403344,3192902,185347,3187,6267.4526,6267.4526,0.0,0.0,3412.155,1628.1448,19.0511,0.5203567,1207.5815
162139065,434492,3277169,188541,2742,6239.3223,6239.3223,0.0,0.0,3412.3247,1607.2673,18.6935,0.52303505,1200.5135
174729661,465609,3352331,191430,2633,6215.203,6215.203,0.0,0.0,3410.1794,1590.3501,18.57975,0.5309814,1195.5627
188741349,496772,3425015,194138,2423,6196.193,6196.193,0.0,0.0,3407.9216,1577.4076,18.281055,0.5403526,1192.0422
201662369,527845,3492188,196683,2326,6180.3706,6180.3706,0.0,0.0,3404.2812,1568.4194,17.989466,0.54095674,1189.1396
215108053,558960,3555796,199087,2267,6168.409,6168.409,0.0,0.0,3401.8582,1560.782,17.84371,0.54432493,1187.3811
226269236,590105,3614341,201163,2199,6158.6445,6158.6445,0.0,0.0,3399.6113,1555.794,17.834726,0.55304635,1184.8517
239340264,621248,3677401,203426,2143,6149.649,6149.649,0.0,0.0,3395.536,1551.242,17.798998,0.5595657,1184.5126
251654610,652404,3732794,205372,2000,6144.3423,6144.3423,0.0,0.0,3394.1226,1548.6157,17.71269,0.5699443,1183.3212
264455733,683524,3787471,207307,1964,6138.421,6138.421,0.0,0.0,3394.221,1544.3258,17.735136,0.57550776,1181.5635
276683010,714561,3834904,208963,1930,6132.707,6132.707,0.0,0.0,3391.9436,1541.0322,17.884062,0.58175576,1181.2653
288884061,745690,3879595,210458,1928,6128.3745,6128.3745,0.0,0.0,3391.3657,1538.9397,17.912945,0.58237135,1179.5741
299933378,776811,3923588,211875,1844,6123.2905,6123.2905,0.0,0.0,3389.3206,1536.0575,17.729445,0.5824938,1179.6007
314021954,807124,3972641,213459,1787,6119.3315,6119.3315,0.0,0.0,3388.885,1534.6042,17.60287,0.5824722,1177.657
326660216,838240,4019222,215014,1812,6114.993,6114.993,0.0,0.0,3388.2144,1530.7476,17.548906,0.5813597,1177.9011
338462938,868533,4062937,216363,1792,6111.7007,6111.7007,0.0,0.0,3387.0195,1529.7273,17.377687,0.5818455,1176.994
351250234,899676,4108922,217865,1683,6108.039,6108.039,0.0,0.0,3386.7983,1527.4343,17.358252,0.58196795,1175.8663
364840889,930808,4154808,219342,1748,6104.2876,6104.2876,0.0,0.0,3387.2852,1524.4349,17.433382,0.5836129,1174.5504
377695568,961913,4195957,220784,1614,6100.4004,6100.4004,0.0,0.0,3386.7131,1522.3307,17.500977,0.58299357,1173.2726
391012878,993016,4238726,222137,1672,6097.094,6097.094,0.0,0.0,3385.1016,1520.0923,17.561798,0.5837359,1173.7546
406197111,1024169,4285829,223692,1591,6094.411,6094.411,0.0,0.0,3383.9355,1519.4673,17.629036,0.5844095,1172.7949
418379317,1055320,4327937,225028,1606,6092.244,6092.244,0.0,0.0,3383.1265,1517.407,17.67598,0.5850984,1173.4495
431044638,1086420,4366484,226190,1585,6090.4897,6090.4897,0.0,0.0,3383.8547,1516.7344,17.719055,0.58415943,1171.5974
443836318,1117512,4404462,227369,1570,6086.894,6086.894,0.0,0.0,3382.9514,1514.5474,17.651024,0.58719397,1171.157
457052477,1148621,4446635,228594,1616,6084.1953,6084.1953,0.0,0.0,3382.2646,1512.6436,17.692453,0.5863074,1171.0084
469932673,1179728,4486060,229759,1577,6082.2515,6082.2515,0.0,0.0,3382.106,1511.27,17.589668,0.5863756,1170.6992
481802877,1210837,4525619,230973,1527,6079.899,6079.899,0.0,0.0,3380.69,1510.1494,17.571997,0.5859639,1170.9017
493553098,1242016,4562100,231993,1494,6078.465,6078.465,0.0,0.0,3380.0078,1509.4873,17.652172,0.5862409,1170.7311
506290522,1273128,4597716,233083,1488,6076.895,6076.895,0.0,0.0,3378.9895,1508.7698,17.592182,0.58644056,1170.9573
517899124,1304246,4632669,234069,1487,6075.9116,6075.9116,0.0,0.0,3379.9065,1507.751,17.653967,0.58694476,1170.0133
530723843,1335409,4668290,235171,1450,6073.8823,6073.8823,0.0,0.0,3379.2363,1506.309,17.632277,0.58742255,1170.1174
544864037,1365773,4707476,236305,1421,6072.9014,6072.9014,0.0,0.0,3378.6724,1505.9088,17.576027,0.5860699,1170.1578
557000939,1396928,4740455,237296,1413,6071.9834,6071.9834,0.0,0.0,3377.9028,1506.0096,17.544472,0.5846647,1169.9419
571260920,1427949,4775856,238385,1389,6071.0776,6071.0776,0.0,0.0,3377.6812,1505.4094,17.519167,0.5841013,1169.8835
583500462,1459004,4808916,239347,1389,6070.436,6070.436,0.0,0.0,3377.7866,1504.8091,17.422283,0.5850601,1169.833
596663774,1490152,4843282,240325,1329,6069.227,6069.227,0.0,0.0,3377.4558,1504.2446,17.413599,0.5869323,1169.526
609761047,1521276,4877218,241338,1348,6068.2236,6068.2236,0.0,0.0,3377.0503,1503.404,17.306417,0.5861846,1169.8765
623896198,1552345,4910129,242231,1352,6066.783,6066.783,0.0,0.0,3377.7957,1502.1643,17.222425,0.58627474,1169.0144
637237268,1583501,4943196,243170,1344,6064.494,6064.494,0.0,0.0,3377.481,1500.2518,17.171846,0.5839355,1169.0052
650514059,1614569,4975989,244076,1316,6063.137,6063.137,0.0,0.0,3377.5012,1498.9348,17.015018,0.5833964,1169.1028
664295640,1645668,5007324,244943,1288,6061.4126,6061.4126,0.0,0.0,3376.7651,1497.5518,16.936964,0.58547974,1169.5731
677327144,1676774,5037845,245819,1315,6060.4277,6060.4277,0.0,0.0,3376.9336,1496.5071,16.894138,0.5844312,1169.5082
690792910,1707849,5068524,246638,1293,6059.496,6059.496,0.0,0.0,3376.1992,1496.9807,16.818811,0.5839445,1168.9137
703932295,1738932,5098466,247525,1288,6059.0757,6059.0757,0.0,0.0,3375.8894,1496.8202,16.818993,0.5853418,1168.9619
716338548,1770056,5128764,248376,1265,6058.583,6058.583,0.0,0.0,3375.9717,1496.6093,16.773384,0.5867767,1168.6418
729478389,1801121,5158002,249183,1259,6057.8076,6057.8076,0.0,0.0,3376.118,1496.1849,16.708,0.5879844,1168.209
742954622,1832269,5189514,250041,1250,6056.8384,6056.8384,0.0,0.0,3375.3425,1495.5034,16.747581,0.5876669,1168.6572
755899995,1863341,5219902,250834,1229,6056.3105,6056.3105,0.0,0.0,3375.6208,1494.9386,16.738766,0.59141135,1168.4209
768420701,1894380,5249190,251680,1233,6055.308,6055.308,0.0,0.0,3375.4434,1494.3615,16.735573,0.5883178,1168.1794
781380774,1925511,5277214,252525,1190,6054.416,6054.416,0.0,0.0,3374.6365,1493.9567,16.707174,0.5894257,1168.5262
794654242,1956664,5306422,253352,1201,6053.986,6053.986,0.0,0.0,3374.8064,1493.6306,16.6784,0.58954203,1168.2808
806900575,1987817,5334597,254117,1198,6053.5254,6053.5254,0.0,0.0,3375.0605,1493.2197,16.691454,0.5910714,1167.9628
820041344,2018945,5363362,254930,1164,6052.403,6052.403,0.0,0.0,3374.8262,1492.5613,16.689575,0.5928619,1167.733
834285229,2050009,5390904,255685,1209,6051.4478,6051.4478,0.0,0.0,3375.239,1492.0776,16.62194,0.592694,1166.9164
846909052,2081148,5420091,256473,1172,6050.064,6050.064,0.0,0.0,3374.5623,1490.8617,16.578178,0.59230167,1167.4694
858949263,2112308,5448223,257244,1184,6049.627,6049.627,0.0,0.0,3375.0708,1490.4912,16.546669,0.59142363,1166.9271
872451965,2143421,5476130,258031,1161,6048.794,6048.794,0.0,0.0,3374.8987,1490.233,16.519323,0.590953,1166.552
886158575,2174517,5502844,258798,1156,6047.9326,6047.9326,0.0,0.0,3374.6543,1489.3324,16.517708,0.59278756,1166.8352
898913674,2205612,5529612,259566,1172,6047.492,6047.492,0.0,0.0,3374.5288,1488.978,16.480368,0.59249854,1166.9125
911007116,2236716,5556377,260304,1138,6046.922,6046.922,0.0,0.0,3374.4612,1488.489,16.476496,0.59224457,1166.9031
923167448,2267852,5582636,260997,1141,6046.419,6046.419,0.0,0.0,3374.5515,1488.7828,16.452393,0.59174496,1166.0402
937441894,2299009,5610660,261750,1144,6045.7627,6045.7627,0.0,0.0,3374.3074,1488.1359,16.361145,0.5902417,1166.368
951459030,2330116,5638322,262469,1104,6045.818,6045.818,0.0,0.0,3374.467,1487.8875,16.360363,0.5885457,1166.5144
966520787,2361244,5663713,263184,1114,6045.3516,6045.3516,0.0,0.0,3374.887,1487.4421,16.34937,0.5877878,1166.0853
978682331,2392349,5687526,263855,1110,6044.549,6044.549,0.0,0.0,3374.713,1486.862,16.329128,0.58798814,1166.0569
991457567,2422641,5715658,264587,1110,6044.006,6044.006,0.0,0.0,3374.467,1486.6267,16.291834,0.5860845,1166.034
1004190610,2453765,5742438,265301,1095,6043.7993,6043.7993,0.0,0.0,3374.304,1486.5087,16.2619,0.58442545,1166.1403
1018354826,2484908,5768551,266014,1114,6043.56,6043.56,0.0,0.0,3374.3716,1486.4567,16.246845,0.583712,1165.9011
1030807292,2515950,5792362,266640,1104,6043.093,6043.093,0.0,0.0,3374.1206,1486.1223,16.212473,0.5836297,1166.0538
1044383737,2547089,5818768,267345,1100,6042.8687,6042.8687,0.0,0.0,3374.0613,1486.1259,16.163212,0.5828461,1165.9353
1058329514,2578216,5845264,268106,1095,6042.3384,6042.3384,0.0,0.0,3374.049,1485.657,16.150389,0.58060575,1165.9015
1070819852,2609346,5871102,268809,1092,6042.1694,6042.1694,0.0,0.0,3374.1682,1485.6101,16.126665,0.5793233,1165.6848
1084210810,2640533,5896666,269489,1084,6041.93,6041.93,0.0,0.0,3374.3494,1485.3894,16.142212,0.57964015,1165.4697
1097081178,2671677,5920302,270149,1087,6041.327,6041.327,0.0,0.0,3374.388,1484.4081,16.09563,0.58020246,1165.8553
1109103118,2702753,5945170,270813,1080,6041.024,6041.024,0.0,0.0,3374.9219,1484.1415,16.104063,0.57793486,1165.2789
1121998401,2733904,5969634,271468,1076,6040.273,6040.273,0.0,0.0,3374.735,1483.6005,16.10986,0.57775164,1165.2499
1136199476,2765046,5995198,272174,1090,6039.8057,6039.8057,0.0,0.0,3375.1323,1483.5658,16.101255,0.57764566,1164.4287
1150947707,2796186,6020844,272890,1067,6039.058,6039.058,0.0,0.0,3374.698,1482.8469,16.069952,0.57739955,1164.866
1162366927,2827300,6041699,273424,1064,6038.957,6038.957,0.0,0.0,3374.7883,1482.2314,16.063526,0.577046,1165.2969
1175549740,2858329,6064966,274065,1060,6038.7437,6038.7437,0.0,0.0,3374.7693,1482.1217,16.059923,0.5755618,1165.2172
1190854361,2889466,6089199,274690,1047,6038.3228,6038.3228,0.0,0.0,3374.458,1481.8972,16.011274,0.5750814,1165.3811
1203034743,2920613,6111961,275286,1028,6038.2246,6038.2246,0.0,0.0,3374.865,1481.653,15.995063,0.5755271,1165.1359
1215762695,2951725,6134327,275868,1051,6037.908,6037.908,0.0,0.0,3375.1956,1481.4211,15.989917,0.5764391,1164.7252
1228452593,2982809,6156971,276458,1045,6037.306,6037.306,0.0,0.0,3374.845,1481.1738,15.987172,0.57585585,1164.7246
1241704711,3013944,6182548,277139,1073,6037.151,6037.151,0.0,0.0,3375.218,1481.0404,15.965737,0.57554674,1164.351
1255408735,3045048,6205970,277748,1037,6036.5063,6036.5063,0.0,0.0,3374.8027,1480.4104,15.965317,0.5755287,1164.7522
1269289228,3076172,6227803,278313,1022,6036.4937,6036.4937,0.0,0.0,3375.0718,1480.077,15.945716,0.57590747,1164.8234
1282809883,3107304,6252259,278961,1040,6036.0234,6036.0234,0.0,0.0,3375.1082,1479.557,15.924127,0.5762052,1164.8578
1296548551,3139104,6276753,279614,1048,6035.7437,6035.7437,0.0,0.0,3375.3127,1479.449,15.900403,0.5752883,1164.5063
1310059648,3170177,6297932,280135,1045,6035.272,6035.272,0.0,0.0,3375.006,1479.2239,15.879112,0.5749024,1164.5883
1322244694,3201396,6319969,280736,1026,6035.0977,6035.0977,0.0,0.0,3374.9246,1478.9462,15.83142,0.5738119,1164.8217
1335670880,3232517,6343360,281346,1029,6035.0415,6035.0415,0.0,0.0,3375.4124,1478.9393,15.834687,0.57299614,1164.282
1348961766,3263678,6366100,281948,1023,6034.5854,6034.5854,0.0,0.0,3375.2424,1478.4703,15.847879,0.57286805,1164.452
1363794389,3294908,6388759,282537,1026,6034.236,6034.236,0.0,0.0,3375.338,1478.1643,15.846374,0.57323825,1164.314
1376699119,3326168,6412823,283139,1039,6033.921,6033.921,0.0,0.0,3375.537,1478.0242,15.833307,0.57373804,1163.9523
1389037432,3357360,6433941,283721,1051,6033.4355,6033.4355,0.0,0.0,3375.3813,1477.6703,15.823081,0.57407653,1163.9869
1402386913,3388588,6455625,284309,1040,6033.283,6033.283,0.0,0.0,3375.4272,1477.4773,15.806982,0.57393765,1163.9976
1414871719,3419776,6477329,284887,1014,6033.1787,6033.1787,0.0,0.0,3375.459,1477.6626,15.780952,0.5730617,1163.7031
1429403752,3451045,6501070,285525,1015,6032.9688,6032.9688,0.0,0.0,3375.499,1477.5477,15.79845,0.5733244,1163.55
1443741696,3482244,6523323,286163,998,6032.728,6032.728,0.0,0.0,3375.505,1477.3251,15.808948,0.57351243,1163.5159
1456035557,3513448,6544139,286702,998,6032.5864,6032.5864,0.0,0.0,3375.6145,1477.1823,15.761327,0.57347363,1163.4551
1468845669,3544679,6565014,287223,1006,6032.3154,6032.3154,0.0,0.0,3375.607,1476.8551,15.750548,0.57329243,1163.5298
1482576515,3575897,6587563,287833,997,6032.2554,6032.2554,0.0,0.0,3375.9504,1476.6018,15.73456,0.57427216,1163.3942
1495505104,3607060,6609710,288432,1022,6031.8853,6031.8853,0.0,0.0,3375.7456,1476.5397,15.7216015,0.5746067,1163.3038
1507705752,3638248,6630900,288998,1009,6031.789,6031.789,0.0,0.0,3375.8535,1476.3629,15.705221,0.5748779,1163.2926
1519004887,3669421,6651371,289547,1014,6031.674,6031.674,0.0,0.0,3375.7456,1476.1267,15.698745,0.57497644,1163.5278
1531320746,3700616,6672667,290137,994,6031.667,6031.667,0.0,0.0,3376.0298,1476.0394,15.639601,0.5750112,1163.3829
1544747578,3731736,6693872,290691,986,6031.4507,6031.4507,0.0,0.0,3376.0674,1475.7489,15.647772,0.57419777,1163.4126
1557208565,3762973,6715110,291246,983,6031.189,6031.189,0.0,0.0,3376.0107,1475.4131,15.635823,0.5732513,1163.5563
1570664889,3794224,6736725,291833,1003,6030.985,6030.985,0.0,0.0,3376.3652,1475.1313,15.630524,0.5721875,1163.2856
1583664301,3825365,6758009,292373,969,6030.6465,6030.6465,0.0,0.0,3376.387,1474.9104,15.610498,0.5723921,1163.1665
1597173565,3856428,6778035,292915,1006,6030.343,6030.343,0.0,0.0,3376.278,1474.5408,15.611456,0.5726061,1163.3397
1609628925,3887650,6798319,293464,980,6030.2046,6030.2046,0.0,0.0,3376.4575,1474.1586,15.614772,0.57186997,1163.4017
1623897390,3918840,6819083,294039,970,6029.878,6029.878,0.0,0.0,3376.518,1474.078,15.610401,0.57117075,1163.1002
1636585030,3950061,6839101,294581,966,6029.4834,6029.4834,0.0,0.0,3376.3828,1473.8237,15.62651,0.5709425,1163.0793
1650348557,3981236,6859630,295176,947,6029.343,6029.343,0.0,0.0,3376.4978,1473.6044,15.656221,0.57094514,1163.0135
1661831627,4012389,6878352,295702,954,6029.0854,6029.0854,0.0,0.0,3376.6646,1473.6613,15.653214,0.5709465,1162.5353
1675072695,4043632,6899629,296266,962,6028.7715,6028.7715,0.0,0.0,3376.433,1473.4921,15.631664,0.57094765,1162.6436
1689489005,4074876,6920142,296821,960,6028.7964,6028.7964,0.0,0.0,3376.1301,1473.3834,15.612138,0.5708347,1163.1
1703387175,4106084,6939665,297399,960,6028.927,6028.927,0.0,0.0,3376.3699,1473.377,15.619947,0.57077235,1162.9894
1716327401,4137341,6959710,297962,956,6028.769,6028.769,0.0,0.0,3376.3806,1473.2809,15.599949,0.57068825,1162.9369
1730343764,4168556,6980167,298512,946,6028.685,6028.685,0.0,0.0,3376.3572,1473.1493,15.606889,0.5704431,1163.0013
1744761741,4199732,6999010,299038,970,6028.636,6028.636,0.0,0.0,3376.5928,1473.1562,15.583699,0.5702959,1162.7334
1756247582,4230046,7017987,299580,971,6028.3965,6028.3965,0.0,0.0,3376.5251,1472.9174,15.585266,0.5699959,1162.7986
1771085980,4261137,7037606,300105,941,6028.2856,6028.2856,0.0,0.0,3376.5342,1472.9078,15.584888,0.56996804,1162.6891
1784229518,4292341,7057726,300674,951,6028.111,6028.111,0.0,0.0,3376.657,1472.6724,15.596573,0.57010573,1162.6147
1798081952,4323553,7077364,301264,942,6027.8257,6027.8257,0.0,0.0,3376.8132,1472.3228,15.591014,0.57015276,1162.5284
1812100123,4354652,7096700,301845,947,6027.471,6027.471,0.0,0.0,3376.7688,1472.1619,15.578905,0.5696095,1162.3921
1824092011,4385857,7115615,302345,962,6027.2954,6027.2954,0.0,0.0,3376.6418,1472.1029,15.59052,0.5698145,1162.3904
1837629021,4417036,7135136,302943,932,6027.124,6027.124,0.0,0.0,3376.6694,1472.039,15.566624,0.56952,1162.2794
1849658179,4448248,7154094,303497,951,6026.9756,6026.9756,0.0,0.0,3376.452,1471.8273,15.550294,0.56993043,1162.576
1861852811,4479472,7171909,303981,940,6026.999,6026.999,0.0,0.0,3376.6614,1471.9397,15.563513,0.56989753,1162.2643
1875305578,4510680,7191779,304584,943,6026.743,6026.743,0.0,0.0,3376.4434,1471.7462,15.547848,0.5700221,1162.4358
1887996777,4541893,7210429,305109,952,6026.7744,6026.7744,0.0,0.0,3376.5454,1471.7046,15.54509,0.5702302,1162.4093
1902154083,4573104,7229233,305645,931,6026.5996,6026.5996,0.0,0.0,3376.6558,1471.5884,15.524472,0.5700468,1162.261
1916029015,4604356,7249502,306303,937,6026.3877,6026.3877,0.0,0.0,3376.527,1471.2924,15.512033,0.5700056,1162.4861
1932143298,4635565,7270271,306922,931,6026.3623,6026.3623,0.0,0.0,3376.5488,1471.1144,15.51536,0.56980675,1162.614
1944890864,4666708,7287718,307378,936,6026.281,6026.281,0.0,0.0,3376.6602,1471.226,15.496546,0.5701599,1162.3278
1957190302,4697875,7306410,307885,921,6026.035,6026.035,0.0,0.0,3376.6365,1471.1327,15.488132,0.5698818,1162.2078
1970236402,4729061,7327036,308460,930,6025.867,6025.867,0.0,0.0,3376.3638,1470.9502,15.486494,0.5695595,1162.4973
1984926970,4760228,7345444,308967,921,6025.89,6025.89,0.0,0.0,3376.4717,1470.8634,15.463557,0.56967175,1162.5217
1998109153,4791460,7364442,309502,919,6025.808,6025.808,0.0,0.0,3376.4292,1470.9425,15.471195,0.5693511,1162.3958
2010775218,4822681,7381765,309975,946,6025.795,6025.795,0.0,0.0,3376.4785,1470.9282,15.4887705,0.56929266,1162.3302
2024798466,4853901,7401997,310558,942,6025.781,6025.781,0.0,0.0,3376.6453,1470.911,15.49482,0.56915593,1162.1605
2037205354,4885120,7418992,311067,931,6025.575,6025.575,0.0,0.0,3376.459,1470.6722,15.462907,0.56868637,1162.4122
2051100409,4916305,7437010,311524,917,6025.549,6025.549,0.0,0.0,3376.6306,1470.7488,15.457239,0.5687848,1162.1434
2063670887,4947473,7455065,312025,936,6025.3765,6025.3765,0.0,0.0,3376.5664,1470.6672,15.45107,0.56870323,1162.123
2077265281,4978697,7474813,312575,931,6025.3027,6025.3027,0.0,0.0,3376.4043,1470.5853,15.431452,0.56852794,1162.3134
2091176318,5009824,7493194,313097,928,6025.328,6025.328,0.0,0.0,3376.4956,1470.5522,15.452902,0.5684222,1162.2587
2104044011,5040992,7511002,313595,932,6025.2437,6025.2437,0.0,0.0,3376.4685,1470.6289,15.451625,0.5686218,1162.1259
2116835830,5072224,7529104,314088,922,6025.0576,6025.0576,0.0,0.0,3376.3386,1470.544,15.4324,0.5686751,1162.1738
2129324647,5103456,7548271,314597,923,6025.1084,6025.1084,0.0,0.0,3376.4355,1470.5315,15.431596,0.5689534,1162.1411
2141936011,5134577,7564996,315067,912,6025.0635,6025.0635,0.0,0.0,3376.4397,1470.3024,15.432612,0.5692266,1162.3197
2154610278,5165812,7581294,315529,906,6024.9272,6024.9272,0.0,0.0,3376.5906,1470.3281,15.419479,0.56924707,1162.0198
2166536133,5197104,7597884,316020,924,6024.6865,6024.6865,0.0,0.0,3376.5234,1470.2012,15.414535,0.5692195,1161.978
2179007534,5228324,7615254,316513,924,6024.556,6024.556,0.0,0.0,3376.4219,1470.116,15.3872385,0.5692174,1162.0621
2191430680,5259553,7632114,316985,900,6024.596,6024.596,0.0,0.0,3376.403,1470.1342,15.401868,0.5694902,1162.0878
2204618264,5290745,7649785,317486,902,6024.4937,6024.4937,0.0,0.0,3376.5251,1470.1716,15.397611,0.5694004,1161.8296
2217360327,5321933,7667025,317981,904,6024.3413,6024.3413,0.0,0.0,3376.3232,1470.0562,15.420619,0.56963867,1161.9719
2229889146,5353106,7684363,318469,901,6024.3643,6024.3643,0.0,0.0,3376.3635,1469.9775,15.397024,0.56935483,1162.0566
2242000675,5384337,7702066,318934,912,6024.363,6024.363,0.0,0.0,3376.437,1470.0397,15.401577,0.5696993,1161.9148
2254125914,5415496,7718908,319430,908,6024.2905,6024.2905,0.0,0.0,3376.4788,1469.9341,15.401257,0.5698436,1161.9065
2266760616,5446702,7737022,319941,916,6024.185,6024.185,0.0,0.0,3376.4407,1469.9534,15.373902,0.5700853,1161.8467
2279977311,5477849,7755122,320432,906,6024.037,6024.037,0.0,0.0,3376.4822,1469.8804,15.377961,0.5699086,1161.7266
2293999114,5509085,7773555,320968,904,6023.96,6023.96,0.0,0.0,3376.2751,1469.8121,15.392274,0.56964004,1161.9105
2305604515,5540308,7790381,321447,904,6024.0195,6024.0195,0.0,0.0,3376.4138,1469.7528,15.396301,0.5697,1161.8867
2319236760,5571533,7808346,321982,916,6023.94,6023.94,0.0,0.0,3376.484,1469.7383,15.394078,0.5703851,1161.753
2332962391,5602685,7826570,322498,908,6023.796,6023.796,0.0,0.0,3376.3713,1469.6278,15.390846,0.5701089,1161.8357
2344859612,5633817,7843566,322937,901,6023.708,6023.708,0.0,0.0,3376.4958,1469.4313,15.379562,0.57054174,1161.8309
2356980118,5665041,7859680,323361,903,6023.6367,6023.6367,0.0,0.0,3376.48,1469.5117,15.36374,0.570192,1161.7112
2370744055,5696246,7876428,323807,907,6023.4766,6023.4766,0.0,0.0,3376.3806,1469.3763,15.37396,0.5703599,1161.7753
2383867993,5727437,7892729,324239,903,6023.4863,6023.4863,0.0,0.0,3376.4539,1469.3188,15.386126,0.5703119,1161.7571
2396852555,5758669,7908854,324729,885,6023.3877,6023.3877,0.0,0.0,3376.4656,1469.4513,15.387001,0.57010543,1161.514
2408066862,5789878,7924346,325115,903,6023.227,6023.227,0.0,0.0,3376.4495,1469.3195,15.375498,0.57007194,1161.5126
2419480445,5821097,7939449,325520,890,6023.1396,6023.1396,0.0,0.0,3376.4473,1469.2336,15.374892,0.5702052,1161.5135
2431624858,5852304,7955062,325969,908,6023.083,6023.083,0.0,0.0,3376.495,1469.2605,15.350281,0.5702299,1161.4069
2442395730,5883488,7969745,326372,901,6022.9634,6022.9634,0.0,0.0,3376.5525,1469.0704,15.334934,0.5702598,1161.4353
2454574039,5914589,7984794,326786,902,6022.8857,6022.8857,0.0,0.0,3376.4402,1469.022,15.333482,0.56997573,1161.5199
2465766809,5945784,7999174,327184,905,6022.8384,6022.8384,0.0,0.0,3376.404,1468.9491,15.331476,0.56984884,1161.5842
2477268761,5977009,8013544,327572,900,6022.8057,6022.8057,0.0,0.0,3376.4011,1468.8483,15.326654,0.5696679,1161.66
2490223467,6008193,8030112,328044,906,6022.756,6022.756,0.0,0.0,3376.4133,1469.0354,15.3179655,0.56955844,1161.4198
2503126045,6039361,8045489,328484,903,6022.6587,6022.6587,0.0,0.0,3376.391,1469.0121,15.309407,0.56966704,1161.3763
2516103278,6070606,8060298,328895,899,6022.6494,6022.6494,0.0,0.0,3376.4443,1468.8641,15.301981,0.5697127,1161.4692
2529338697,6101766,8075339,329275,894,6022.629,6022.629,0.0,0.0,3376.5007,1468.7637,15.313004,0.56966835,1161.4817
2540241312,6133009,8089529,329654,900,6022.542,6022.542,0.0,0.0,3376.5315,1468.8165,15.297761,0.5697011,1161.3265
2552314541,6164248,8104733,330108,899,6022.395,6022.395,0.0,0.0,3376.4702,1468.8652,15.300565,0.5698166,1161.1891
2565070998,6195484,8120942,330583,896,6022.359,6022.359,0.0,0.0,3376.4424,1468.7924,15.283205,0.5698152,1161.2711
2579809897,6226709,8137745,331027,909,6022.3696,6022.3696,0.0,0.0,3376.428,1468.875,15.293471,0.5698546,1161.2031
2593136798,6258496,8153510,331472,894,6022.3115,6022.3115,0.0,0.0,3376.4258,1468.8501,15.28836,0.5695671,1161.1779
2604055764,6289637,8167886,331850,893,6022.227,6022.227,0.0,0.0,3376.3828,1468.8177,15.281834,0.5697149,1161.1752
2615019910,6320844,8181308,332220,885,6022.25,6022.25,0.0,0.0,3376.339,1468.889,15.269382,0.5698748,1161.1824
2626414516,6352089,8196886,332630,888,6022.2896,6022.2896,0.0,0.0,3376.4033,1468.8538,15.28774,0.5698261,1161.175
2638076374,6383274,8212001,333051,909,6022.2397,6022.2397,0.0,0.0,3376.3872,1468.8765,15.286863,0.56994575,1161.1194
2649448669,6414458,8225489,333405,896,6022.1724,6022.1724,0.0,0.0,3376.3513,1468.8579,15.292373,0.57013893,1161.1005
2660542625,6445657,8240174,333844,887,6022.2,6022.2,0.0,0.0,3376.2578,1468.8408,15.295924,0.57016635,1161.2355
2670477170,6476908,8253783,334218,895,6022.193,6022.193,0.0,0.0,3376.298,1468.906,15.271969,0.57044196,1161.1462
2682125994,6508110,8267105,334599,885,6022.11,6022.11,0.0,0.0,3376.273,1468.8695,15.277394,0.57014984,1161.1196
2692508837,6539288,8280470,334971,916,6022.0503,6022.0503,0.0,0.0,3376.3198,1468.7705,15.258652,0.5699096,1161.1312
2702605539,6570448,8293261,335319,901,6021.9546,6021.9546,0.0,0.0,3376.356,1468.7236,15.2599945,0.5702041,1161.045
2714972667,6601669,8308252,335764,889,6021.874,6021.874,0.0,0.0,3376.3032,1468.78,15.271009,0.57026833,1160.9493
2726538034,6632890,8322172,336171,904,6021.738,6021.738,0.0,0.0,3376.12,1468.6425,15.259764,0.57016414,1161.1453
2738068776,6664125,8336973,336581,889,6021.901,6021.901,0.0,0.0,3376.1252,1468.8202,15.260599,0.57040733,1161.1244
2749604925,6695381,8350490,336968,885,6021.854,6021.854,0.0,0.0,3376.0999,1468.8182,15.250304,0.5701812,1161.1155
2761019425,6726618,8364491,337343,895,6021.8765,6021.8765,0.0,0.0,3376.069,1468.9028,15.245751,0.57000685,1161.089
2772667078,6757823,8377292,337662,886,6021.885,6021.885,0.0,0.0,3375.9841,1469.0226,15.2326,0.5700517,1161.0754
2783428693,6789023,8391020,338062,876,6021.8926,6021.8926,0.0,0.0,3375.9727,1468.9854,15.240664,0.57006,1161.1238
2792762747,6820313,8403220,338406,878,6021.9116,6021.9116,0.0,0.0,3375.9102,1469.031,15.230422,0.57008606,1161.1697
2804576585,6851569,8417943,338802,892,6021.9307,6021.9307,0.0,0.0,3375.9253,1469.0125,15.247477,0.57037514,1161.1749
2817654038,6882765,8432416,339228,867,6021.88,6021.88,0.0,0.0,3375.8909,1468.9838,15.230781,0.57045877,1161.204
2829546146,6913983,8446932,339631,883,6021.8994,6021.8994,0.0,0.0,3375.9395,1469.0182,15.241937,0.5707164,1161.1289
2842331696,6945165,8462762,340073,885,6021.8584,6021.8584,0.0,0.0,3375.8457,1469.0424,15.228735,0.5705904,1161.1707
2856158352,6976413,8477858,340472,870,6021.892,6021.892,0.0,0.0,3375.7766,1469.1702,15.232474,0.5705139,1161.1422
2869661944,7007624,8494142,340940,883,6021.9062,6021.9062,0.0,0.0,3375.7847,1469.2078,15.218268,0.570484,1161.1249
2882411771,7038864,8509406,341368,869,6021.96,6021.96,0.0,0.0,3375.8313,1469.2047,15.206313,0.5705045,1161.147
2895589663,7069212,8525903,341888,867,6021.9844,6021.9844,0.0,0.0,3375.6885,1469.3397,15.21351,0.5709192,1161.1718
2908745467,7100440,8542907,342381,871,6022.0137,6022.0137,0.0,0.0,3375.687,1469.2994,15.224861,0.5708008,1161.2317
2922587453,7131649,8559371,342885,883,6022.043,6022.043,0.0,0.0,3375.7087,1469.3757,15.20973,0.5706855,1161.178
2934729351,7162836,8574724,343336,877,6021.9966,6021.9966,0.0,0.0,3375.7383,1469.237,15.2212305,0.5714051,1161.2285
2947467871,7194040,8589859,343748,898,6021.938,6021.938,0.0,0.0,3375.8364,1469.2148,15.219566,0.57168114,1161.0953
2960994787,7224371,8605555,344164,879,6021.8076,6021.8076,0.0,0.0,3375.759,1469.207,15.206999,0.57148767,1161.0631
