Iteration,Time (ms),# Perturbations,# Worse Values Kept,# Non-Zero,Total Energy,Equality Energy,Entropy Energy,Inequality Energy,Uncertain Slip Rate,Paleoseismic Event Rate,Laplacian Smoothing (52 parents),Rupture Rate Minimization,Uncertain MFD Equality
11167660,30868,441898,52011,19660,5540.6196,5540.6196,0.0,0.0,3440.3784,233.49648,52.285194,0.18067044,1814.2788
22339819,61725,937275,68298,13250,7691.399,7691.399,0.0,0.0,4792.421,344.56567,43.92862,0.22292523,2510.261
34154547,92901,1322700,79733,9519,9535.166,9535.166,0.0,0.0,6302.6255,490.21414,44.88245,0.27562037,2697.168
46437060,124003,1583585,87686,6844,9868.566,9868.566,0.0,0.0,6620.97,584.2807,45.143963,0.30615482,2617.8657
59574074,155163,1764521,93965,4860,9900.276,9900.276,0.0,0.0,6620.0356,660.5462,43.829834,0.29618642,2575.568
72458207,186274,1892943,98912,3777,9900.443,9900.443,0.0,0.0,6574.246,729.9417,44.82903,0.28275546,2551.144
84745382,216702,1997205,103007,3336,9895.807,9895.807,0.0,0.0,6526.967,790.02026,45.67282,0.27606782,2532.8708
98830344,247023,2088838,106489,3020,9892.432,9892.432,0.0,0.0,6487.2246,844.00696,45.779102,0.27012566,2515.1514
111687982,278166,2175154,109523,2603,9892.332,9892.332,0.0,0.0,6457.5493,883.66046,45.668545,0.27360573,2505.1807
125403854,309279,2251726,112159,2447,9891.704,9891.704,0.0,0.0,6440.679,915.3844,45.423584,0.27622682,2489.9404
139794156,340439,2322130,114502,2237,9888.33,9888.33,0.0,0.0,6419.0933,937.89453,45.599133,0.27912372,2485.4644
153246203,371606,2383163,116561,2033,9889.28,9889.28,0.0,0.0,6411.085,953.8557,45.680813,0.28311893,2478.3757
167187256,402662,2443642,118604,1944,9887.465,9887.465,0.0,0.0,6403.985,963.4217,45.572327,0.28496084,2474.2012
181991979,433805,2500732,120452,1881,9883.941,9883.941,0.0,0.0,6401.5596,969.195,45.6357,0.28849337,2467.263
197686779,464943,2554969,122103,1729,9877.044,9877.044,0.0,0.0,6392.5,969.6482,45.531673,0.2871443,2469.0767
211617429,496076,2603631,123613,1646,9872.135,9872.135,0.0,0.0,6393.561,968.3165,45.3798,0.29386532,2464.5833
225086460,527190,2649904,124991,1555,9865.24,9865.24,0.0,0.0,6392.0415,966.0601,45.546154,0.2961438,2461.2961
240261013,558341,2697907,126418,1492,9858.308,9858.308,0.0,0.0,6389.5093,962.5844,45.580864,0.30021,2460.3325
254816443,589491,2740299,127680,1467,9852.734,9852.734,0.0,0.0,6390.956,959.1918,45.562073,0.30846974,2456.7156
267214767,620635,2780222,128816,1455,9845.052,9845.052,0.0,0.0,6389.2485,955.2995,46.015568,0.3129285,2454.1748
279725902,651781,2822076,129989,1354,9838.036,9838.036,0.0,0.0,6382.094,951.6896,46.03928,0.3206973,2457.8923
293313783,682903,2863821,131163,1360,9833.251,9833.251,0.0,0.0,6381.233,947.70825,46.06179,0.32842112,2457.9192
306173505,713874,2900583,132172,1340,9828.699,9828.699,0.0,0.0,6380.2383,945.20667,46.06505,0.33168277,2456.8577
319941063,744863,2938004,133193,1304,9824.381,9824.381,0.0,0.0,6377.545,943.16406,46.29962,0.3280764,2457.0444
334073987,776006,2973189,134134,1250,9819.495,9819.495,0.0,0.0,6374.776,940.8761,46.172756,0.33114815,2457.339
347145669,807118,3006908,135036,1224,9816.803,9816.803,0.0,0.0,6372.33,939.3457,46.522823,0.32972616,2458.2742
359307132,838197,3040225,135989,1215,9814.589,9814.589,0.0,0.0,6373.909,938.4047,46.603745,0.32744983,2455.3438
374923847,869292,3072421,136847,1216,9810.788,9810.788,0.0,0.0,6373.7803,936.599,46.450367,0.32747737,2453.631
389090182,900439,3106522,137751,1168,9806.39,9806.39,0.0,0.0,6368.54,935.67346,46.36129,0.32753807,2455.4878
402170509,931519,3137828,138525,1183,9805.301,9805.301,0.0,0.0,6368.6665,935.51196,46.57309,0.32579914,2454.224
415315706,962611,3168322,139294,1125,9801.7705,9801.7705,0.0,0.0,6366.976,934.8906,46.591682,0.32604694,2452.9863
429193775,993755,3198880,140095,1086,9799.312,9799.312,0.0,0.0,6363.5684,934.39764,46.744938,0.32472488,2454.276
445560396,1024892,3229932,140884,1088,9797.755,9797.755,0.0,0.0,6364.3623,934.09344,46.67178,0.32044068,2452.3071
458807520,1056025,3257131,141565,1052,9795.017,9795.017,0.0,0.0,6361.5547,933.62885,46.707897,0.31968507,2452.8054
472968315,1087139,3287170,142356,1070,9793.117,9793.117,0.0,0.0,6358.927,933.16144,46.672745,0.3191966,2454.0374
487680136,1118294,3316468,143047,1040,9792.41,9792.41,0.0,0.0,6359.579,932.6698,46.708393,0.31902084,2453.1338
503398410,1149310,3345394,143753,1013,9790.319,9790.319,0.0,0.0,6358.886,932.21643,46.389553,0.32011497,2452.507
516179692,1180389,3372972,144442,1020,9789.064,9789.064,0.0,0.0,6358.3945,932.2705,46.46357,0.31947267,2451.6165
530078399,1211513,3399961,145070,991,9786.961,9786.961,0.0,0.0,6358.0,931.66705,46.419327,0.32030058,2450.5542
542493140,1242607,3426047,145684,963,9785.413,9785.413,0.0,0.0,6355.358,931.55347,46.344418,0.3210412,2451.8367
558499087,1273674,3453011,146337,975,9784.3,9784.3,0.0,0.0,6354.4395,931.4191,46.146324,0.3204806,2451.9744
570812766,1304791,3477801,146917,981,9783.756,9783.756,0.0,0.0,6354.1934,931.3524,46.238995,0.31940335,2451.6516
583761072,1335942,3503759,147511,945,9782.931,9782.931,0.0,0.0,6354.149,931.17847,46.046524,0.3197857,2451.2366
598156040,1367097,3528306,148078,944,9781.712,9781.712,0.0,0.0,6354.1216,931.20404,45.838295,0.31976095,2450.2283
613620610,1398202,3555293,148680,909,9780.263,9780.263,0.0,0.0,6353.4624,930.9332,45.671593,0.3203316,2449.8752
626159820,1429349,3579734,149262,933,9778.9375,9778.9375,0.0,0.0,6351.6665,930.88885,45.624825,0.32085276,2450.436
639021503,1460455,3603828,149796,933,9777.841,9777.841,0.0,0.0,6352.0547,930.8679,45.30608,0.3214646,2449.2903
652211728,1491531,3627226,150314,916,9776.411,9776.411,0.0,0.0,6351.223,930.8268,45.364414,0.31947902,2448.677
665126738,1522637,3651330,150892,911,9775.529,9775.529,0.0,0.0,6349.7183,930.86084,45.32092,0.31912118,2449.31
678665014,1553761,3674466,151384,896,9775.065,9775.065,0.0,0.0,6349.9814,930.70435,45.258106,0.320382,2448.8005
691313760,1584866,3698184,151901,889,9774.086,9774.086,0.0,0.0,6349.2085,930.7515,45.20249,0.3204663,2448.6028
704978244,1615974,3719937,152367,873,9773.191,9773.191,0.0,0.0,6348.1836,930.9742,45.16273,0.31967962,2448.551
719623924,1647098,3743417,152844,852,9772.882,9772.882,0.0,0.0,6348.5854,930.67487,45.008293,0.31971496,2448.2937
733148434,1678202,3766020,153319,835,9772.036,9772.036,0.0,0.0,6347.8965,930.58887,45.025322,0.32169083,2448.2036
745923183,1709215,3786488,153816,862,9771.264,9771.264,0.0,0.0,6348.5166,930.2261,45.008682,0.32149604,2447.1912
759050238,1740347,3810542,154338,856,9769.796,9769.796,0.0,0.0,6347.448,929.9157,44.952114,0.32284895,2447.1567
773086510,1771433,3832735,154841,829,9768.965,9768.965,0.0,0.0,6347.3433,929.7773,44.96451,0.32345587,2446.5566
788244355,1802533,3855655,155346,836,9767.941,9767.941,0.0,0.0,6346.934,929.529,44.939392,0.3233719,2446.215
801467333,1833662,3877174,155812,846,9767.131,9767.131,0.0,0.0,6346.653,929.10425,44.99439,0.32170746,2446.058
816566299,1864814,3899146,156324,838,9766.802,9766.802,0.0,0.0,6347.8213,929.097,45.029278,0.32357532,2444.5303
828636911,1895910,3919759,156801,854,9764.768,9764.768,0.0,0.0,6345.5444,928.66956,45.074375,0.3254393,2445.1536
842795217,1926985,3940937,157213,825,9764.518,9764.518,0.0,0.0,6346.1914,928.29266,45.058506,0.3254727,2444.6492
855053637,1958129,3961870,157698,814,9763.794,9763.794,0.0,0.0,6346.208,927.98566,45.071953,0.3269189,2444.2012
867985736,1989153,3981171,158122,801,9762.93,9762.93,0.0,0.0,6346.643,927.5825,45.035934,0.327872,2443.3403
882056633,2020313,4002679,158585,812,9761.839,9761.839,0.0,0.0,6346.1753,927.4578,45.071095,0.3282333,2442.8064
894909356,2051422,4024702,159077,809,9760.889,9760.889,0.0,0.0,6345.149,927.18665,45.038395,0.32818112,2443.187
907032005,2082554,4044545,159527,799,9760.551,9760.551,0.0,0.0,6343.87,927.2827,45.0648,0.32807654,2444.0046
921032776,2113701,4064184,159960,800,9760.379,9760.379,0.0,0.0,6345.7485,927.503,45.023136,0.32782248,2441.7761
933022832,2144842,4084322,160389,791,9759.091,9759.091,0.0,0.0,6344.869,927.5894,44.92534,0.3278513,2441.379
946634864,2175994,4103725,160815,788,9758.309,9758.309,0.0,0.0,6343.9043,927.5498,44.89856,0.32876986,2441.6277
960031658,2207121,4123726,161291,785,9758.118,9758.118,0.0,0.0,6343.949,927.5802,44.922977,0.32930562,2441.3364
973281116,2238229,4143188,161744,785,9757.8125,9757.8125,0.0,0.0,6343.038,927.58405,44.86441,0.32999116,2441.9958
986560355,2269365,4163266,162207,783,9757.625,9757.625,0.0,0.0,6343.4746,927.65234,44.91517,0.33111894,2441.2522
1001055358,2300519,4184959,162709,758,9757.129,9757.129,0.0,0.0,6342.8623,927.5417,44.822548,0.33172145,2441.57
1014326681,2331654,4203578,163081,754,9757.045,9757.045,0.0,0.0,6342.976,927.6267,44.869007,0.3331396,2441.2405
1027663599,2362783,4222296,163484,756,9756.797,9756.797,0.0,0.0,6343.9805,927.8814,44.886284,0.33393303,2439.715
1041272709,2393892,4241243,163881,737,9755.828,9755.828,0.0,0.0,6342.6724,927.7585,44.77358,0.3357409,2440.2878
1055948840,2424911,4260875,164312,740,9755.49,9755.49,0.0,0.0,6342.8506,927.7556,44.69676,0.3361937,2439.8508
1069836085,2456050,4278984,164724,753,9755.091,9755.091,0.0,0.0,6342.9985,927.65796,44.707916,0.3387844,2439.3877
1082512394,2487132,4296389,165109,755,9754.337,9754.337,0.0,0.0,6342.4834,927.5944,44.71377,0.3397427,2439.2063
1096737801,2518232,4315773,165549,749,9754.273,9754.273,0.0,0.0,6342.07,927.7576,44.772285,0.34006968,2439.3333
1113716736,2549362,4335246,165969,726,9753.981,9753.981,0.0,0.0,6342.319,927.93256,44.778065,0.34139997,2438.6104
1126747418,2580437,4351969,166377,723,9753.515,9753.515,0.0,0.0,6342.0674,927.9943,44.732986,0.34384415,2438.3757
1139971979,2611591,4370119,166790,718,9753.061,9753.061,0.0,0.0,6342.1035,928.1249,44.682434,0.3453054,2437.8044
1154384636,2642689,4388710,167218,705,9752.668,9752.668,0.0,0.0,6342.098,928.3137,44.654366,0.3464604,2437.255
1168213458,2673809,4407055,167616,726,9752.209,9752.209,0.0,0.0,6341.9336,928.1463,44.656715,0.34800825,2437.1245
1179777559,2704878,4423187,168025,735,9751.795,9751.795,0.0,0.0,6342.032,928.19183,44.671486,0.34939983,2436.5505
1194489082,2736010,4440004,168427,719,9751.315,9751.315,0.0,0.0,6340.551,928.1034,44.619354,0.35092798,2437.6912
1207521965,2767117,4456329,168777,723,9751.563,9751.563,0.0,0.0,6340.916,928.34924,44.583344,0.3519087,2437.363
1219901961,2798226,4473655,169183,732,9751.356,9751.356,0.0,0.0,6342.1675,928.54816,44.548817,0.3537521,2435.7378
1234660941,2829365,4489797,169556,723,9750.611,9750.611,0.0,0.0,6341.2207,928.4769,44.587517,0.3583333,2435.968
1247111472,2860451,4505972,169898,703,9750.317,9750.317,0.0,0.0,6340.729,928.5063,44.58753,0.35925338,2436.1355
1261213363,2891586,4523823,170272,705,9750.08,9750.08,0.0,0.0,6340.429,928.69226,44.577732,0.36112842,2436.02
1276130144,2922702,4542108,170687,697,9749.877,9749.877,0.0,0.0,6339.788,928.7969,44.518444,0.36139202,2436.4126
1288863771,2953787,4559457,171062,702,9749.939,9749.939,0.0,0.0,6339.824,929.1257,44.507748,0.3622562,2436.1199
1303160623,2984910,4575117,171420,705,9749.849,9749.849,0.0,0.0,6339.5273,929.2067,44.523594,0.36314118,2436.228
1317570281,3016066,4593638,171810,713,9749.639,9749.639,0.0,0.0,6339.0845,929.17206,44.531853,0.3649661,2436.4856
1331038741,3047199,4610929,172214,703,9749.621,9749.621,0.0,0.0,6339.6636,929.35626,44.51094,0.3667401,2435.7239
1343575774,3078326,4627043,172576,696,9749.341,9749.341,0.0,0.0,6339.614,929.5286,44.53856,0.3676688,2435.2917
1357877073,3109462,4644303,172952,696,9748.975,9748.975,0.0,0.0,6338.7354,929.4828,44.49345,0.3700889,2435.8928
1371105871,3141318,4660397,173413,691,9748.967,9748.967,0.0,0.0,6339.0825,929.5126,44.477406,0.37189037,2435.5222
1386283629,3172333,4678571,173828,697,9748.712,9748.712,0.0,0.0,6339.046,929.3908,44.439068,0.37528482,2435.461
1399927018,3203514,4694727,174189,690,9748.562,9748.562,0.0,0.0,6339.028,929.3117,44.39896,0.37669173,2435.4463
1413644993,3234692,4710299,174540,713,9748.409,9748.409,0.0,0.0,6338.7476,929.39594,44.338207,0.37793508,2435.55
1427285191,3265809,4727695,174935,698,9748.328,9748.328,0.0,0.0,6339.168,929.4888,44.36371,0.38068733,2434.9275
1442349933,3296959,4745299,175344,694,9748.061,9748.061,0.0,0.0,6338.838,929.54297,44.327896,0.381553,2434.97
1455825341,3328171,4761693,175716,691,9747.709,9747.709,0.0,0.0,6338.431,929.62445,44.33364,0.38221157,2434.9373
1469373901,3359358,4778421,176098,700,9747.758,9747.758,0.0,0.0,6337.9976,929.7181,44.34406,0.38388082,2435.314
1483071972,3390546,4795230,176432,684,9747.8125,9747.8125,0.0,0.0,6338.2827,929.6644,44.300007,0.38575178,2435.1794
1495412722,3421757,4810982,176775,684,9747.687,9747.687,0.0,0.0,6337.8276,929.74023,44.304886,0.38791943,2435.426
1508467625,3452953,4827312,177110,682,9747.834,9747.834,0.0,0.0,6338.4766,929.7341,44.309452,0.38822758,2434.9258
1521894966,3484129,4844084,177513,687,9747.301,9747.301,0.0,0.0,6338.1846,929.8097,44.328056,0.38927916,2434.5896
1536309790,3515325,4860491,177875,691,9747.096,9747.096,0.0,0.0,6337.4624,929.66614,44.2526,0.39026764,2435.3245
1550503782,3546539,4876963,178236,694,9747.078,9747.078,0.0,0.0,6337.5557,929.63434,44.25179,0.38974315,2435.2463
1563856972,3577725,4893125,178603,697,9746.835,9746.835,0.0,0.0,6337.601,929.54236,44.274246,0.39082587,2435.026
1577844124,3608965,4909602,178976,680,9746.719,9746.719,0.0,0.0,6337.815,929.5801,44.306175,0.39130184,2434.6267
1592251021,3640154,4925421,179324,671,9746.583,9746.583,0.0,0.0,6337.8735,929.58936,44.267197,0.39162374,2434.4612
1607577130,3671318,4941077,179662,678,9746.368,9746.368,0.0,0.0,6338.2256,929.5939,44.21539,0.39158735,2433.9417
1620913396,3702493,4957032,180014,690,9745.909,9745.909,0.0,0.0,6337.73,929.5748,44.22821,0.3921463,2433.9844
1632939514,3733661,4972287,180386,685,9745.86,9745.86,0.0,0.0,6337.553,929.5412,44.259663,0.39241102,2434.1135
1647241647,3764833,4988792,180739,657,9745.821,9745.821,0.0,0.0,6337.296,929.4761,44.23543,0.39321885,2434.4202
1661074515,3796017,5003999,181116,687,9745.845,9745.845,0.0,0.0,6337.661,929.49713,44.241642,0.3938486,2434.0513
1675329698,3827195,5020133,181513,683,9745.606,9745.606,0.0,0.0,6337.3936,929.52783,44.19062,0.39378208,2434.1008
1688405731,3858414,5034653,181853,678,9745.439,9745.439,0.0,0.0,6337.014,929.48615,44.17103,0.39457256,2434.3733
1701923702,3889594,5051244,182217,674,9745.505,9745.505,0.0,0.0,6337.0024,929.3702,44.137512,0.39460075,2434.5996
1714523661,3920757,5066884,182552,677,9745.585,9745.585,0.0,0.0,6337.4805,929.3638,44.151974,0.39462596,2434.194
1727962394,3951969,5082760,182911,665,9745.192,9745.192,0.0,0.0,6337.471,929.35364,44.17903,0.395379,2433.7925
1739194632,3983157,5097366,183245,664,9744.9375,9744.9375,0.0,0.0,6336.7354,929.31213,44.173378,0.3958069,2434.3206
1751843805,4014321,5112257,183571,662,9745.062,9745.062,0.0,0.0,6337.0605,929.24695,44.197025,0.39705163,2434.16
1767147286,4045501,5127812,183945,664,9744.927,9744.927,0.0,0.0,6337.3276,929.2283,44.184387,0.39742613,2433.7888
1780876114,4076626,5143889,184299,672,9744.58,9744.58,0.0,0.0,6336.4897,929.23895,44.19262,0.3976875,2434.2607
1795154517,4107782,5159195,184681,657,9744.655,9744.655,0.0,0.0,6337.251,929.3451,44.224495,0.39829862,2433.4363
1811299664,4138915,5175053,185071,662,9744.349,9744.349,0.0,0.0,6336.765,929.3071,44.220737,0.39918947,2433.6558
1825188761,4170117,5189939,185437,648,9744.299,9744.299,0.0,0.0,6336.869,929.2851,44.20767,0.39953628,2433.5378
1836902994,4201331,5204025,185831,656,9744.197,9744.197,0.0,0.0,6336.767,929.2886,44.229965,0.40033787,2433.5115
1848630150,4232533,5217593,186144,650,9744.159,9744.159,0.0,0.0,6336.7515,929.2731,44.26914,0.4010874,2433.464
1861742399,4263734,5232481,186535,639,9744.03,9744.03,0.0,0.0,6336.7974,929.2535,44.29153,0.40197995,2433.286
1876760661,4294866,5247345,186905,639,9743.911,9743.911,0.0,0.0,6336.7476,929.2235,44.271217,0.40277097,2433.2656
1888473187,4325990,5260610,187247,647,9743.837,9743.837,0.0,0.0,6337.002,929.2597,44.236076,0.40328163,2432.9355
1903201633,4357221,5275139,187583,652,9743.5625,9743.5625,0.0,0.0,6336.58,929.1825,44.225533,0.40348276,2433.1711
1917337378,4388418,5290786,187957,647,9743.571,9743.571,0.0,0.0,6336.341,929.09973,44.250393,0.40462402,2433.476
1931909081,4419630,5306152,188364,637,9743.648,9743.648,0.0,0.0,6337.119,929.1202,44.29437,0.40493345,2432.7097
1945547081,4450801,5320207,188716,653,9743.267,9743.267,0.0,0.0,6336.6113,929.0869,44.268967,0.405941,2432.8938
1957522796,4481985,5334437,189070,638,9743.303,9743.303,0.0,0.0,6336.657,929.07153,44.244186,0.40620297,2432.924
1970273011,4513182,5348800,189408,646,9743.111,9743.111,0.0,0.0,6336.858,929.0095,44.243053,0.40667707,2432.5942
1984553655,4544330,5362352,189761,637,9742.863,9742.863,0.0,0.0,6337.158,928.92126,44.24188,0.40707487,2432.1345
1997547350,4575534,5374962,190095,641,9742.482,9742.482,0.0,0.0,6337.1675,928.8642,44.26942,0.40821984,2431.7732
2009190376,4606702,5388118,190459,634,9742.321,9742.321,0.0,0.0,6336.9697,928.8235,44.273895,0.40894765,2431.8457
2023325451,4637890,5403379,190835,638,9742.253,9742.253,0.0,0.0,6336.8545,928.67487,44.289745,0.4089666,2432.0256
2037384434,4669042,5417066,191177,637,9742.18,9742.18,0.0,0.0,6337.053,928.6667,44.27948,0.4096143,2431.7708
2050639419,4700246,5430293,191514,630,9741.96,9741.96,0.0,0.0,6336.6494,928.6351,44.313007,0.41069198,2431.952
2064337834,4731410,5444325,191857,634,9741.947,9741.947,0.0,0.0,6336.663,928.6944,44.29797,0.4113673,2431.8806
2076744345,4762562,5458545,192217,635,9742.023,9742.023,0.0,0.0,6336.5967,928.6782,44.322346,0.41171435,2432.015
2090432298,4793629,5471979,192572,638,9741.912,9741.912,0.0,0.0,6336.973,928.66455,44.302486,0.4123291,2431.5593
2102959986,4824761,5485339,192906,634,9741.69,9741.69,0.0,0.0,6336.449,928.6003,44.320343,0.41245854,2431.908
2115187410,4855905,5498071,193231,637,9741.775,9741.775,0.0,0.0,6336.8115,928.5283,44.320583,0.41252452,2431.7024
2129863464,4887122,5511954,193571,632,9741.605,9741.605,0.0,0.0,6336.9634,928.48846,44.338215,0.41311923,2431.4019
2144466679,4918287,5526171,193926,631,9741.369,9741.369,0.0,0.0,6336.7754,928.3943,44.36512,0.41358674,2431.4204
2158647183,4949398,5539196,194223,635,9741.321,9741.321,0.0,0.0,6336.9644,928.3341,44.391167,0.4145075,2431.2175
2170676326,4980570,5552040,194541,633,9741.098,9741.098,0.0,0.0,6336.785,928.27075,44.3812,0.4152005,2431.2454
2184681964,5011773,5566149,194906,641,9741.051,9741.051,0.0,0.0,6336.614,928.2023,44.37051,0.4158963,2431.4485
2199023257,5042971,5581246,195256,634,9741.137,9741.137,0.0,0.0,6336.8696,928.2214,44.359833,0.41682696,2431.2686
2211689993,5074166,5594501,195609,640,9740.993,9740.993,0.0,0.0,6336.7764,928.18567,44.368317,0.41736156,2431.2454
2224230139,5105342,5607419,195928,623,9740.781,9740.781,0.0,0.0,6336.5913,928.1041,44.38579,0.418,2431.2815
2239740351,5136498,5621529,196317,632,9740.823,9740.823,0.0,0.0,6336.6606,928.1375,44.39696,0.41842297,2431.2092
2253356582,5167705,5634381,196672,621,9740.875,9740.875,0.0,0.0,6336.585,928.09973,44.37702,0.41870943,2431.394
2266368949,5198834,5648146,196977,617,9740.899,9740.899,0.0,0.0,6336.706,928.11176,44.388966,0.41894546,2431.274
2279845926,5230042,5661137,197307,627,9740.749,9740.749,0.0,0.0,6336.6216,928.175,44.384422,0.41925287,2431.149
2293168560,5261241,5674988,197692,628,9740.717,9740.717,0.0,0.0,6336.4463,928.1085,44.385857,0.41953552,2431.356
2307910841,5292445,5687912,198013,623,9740.843,9740.843,0.0,0.0,6336.65,928.04224,44.38447,0.41992703,2431.346
2319936013,5323655,5699877,198334,622,9740.739,9740.739,0.0,0.0,6336.8228,927.973,44.377827,0.42039865,2431.1453
2333224928,5354821,5712514,198643,628,9740.575,9740.575,0.0,0.0,6336.6763,927.88513,44.399345,0.4209412,2431.1938
2346984509,5386010,5725736,199001,622,9740.466,9740.466,0.0,0.0,6336.775,927.8346,44.402554,0.42091116,2431.0327
2360957231,5417195,5739558,199356,625,9740.347,9740.347,0.0,0.0,6336.7515,927.75635,44.37468,0.4215789,2431.042
2374089107,5448409,5753041,199688,626,9740.246,9740.246,0.0,0.0,6336.9062,927.7021,44.387737,0.42195466,2430.8276
2387125117,5479565,5766224,200003,622,9740.075,9740.075,0.0,0.0,6337.1426,927.7294,44.406105,0.42240626,2430.3748
2401813361,5510665,5780191,200396,636,9739.799,9739.799,0.0,0.0,6336.692,927.59973,44.372826,0.42271814,2430.7122
2417157371,5541770,5793730,200749,621,9739.832,9739.832,0.0,0.0,6336.678,927.5821,44.395844,0.42313528,2430.7524
2429948136,5572974,5806117,201055,618,9739.85,9739.85,0.0,0.0,6336.4272,927.455,44.38469,0.42363814,2431.1594
2444651162,5604070,5818228,201356,613,9739.991,9739.991,0.0,0.0,6336.835,927.4337,44.395226,0.42404506,2430.9036
2457966905,5635233,5832202,201748,629,9739.834,9739.834,0.0,0.0,6336.595,927.3329,44.40982,0.42376223,2431.0725
2472287661,5666382,5845068,202075,610,9739.836,9739.836,0.0,0.0,6336.898,927.384,44.423225,0.42417464,2430.7063
2485949988,5697426,5857285,202374,612,9739.656,9739.656,0.0,0.0,6336.4775,927.41693,44.437607,0.42441157,2430.8994
2499657816,5728627,5869471,202682,621,9739.735,9739.735,0.0,0.0,6336.5264,927.46985,44.433273,0.42443386,2430.8809
2512806192,5759806,5882794,203041,609,9739.737,9739.737,0.0,0.0,6336.116,927.45654,44.43774,0.42483318,2431.302
2527912491,5790898,5896106,203402,623,9739.897,9739.897,0.0,0.0,6336.5015,927.4702,44.420998,0.4248482,2431.0793
2540598318,5822030,5908943,203673,620,9739.845,9739.845,0.0,0.0,6336.818,927.4984,44.4102,0.4248907,2430.6929
2553651625,5853222,5922112,204003,617,9739.64,9739.64,0.0,0.0,6336.7134,927.44946,44.383415,0.42519858,2430.6677
2567766524,5884433,5935290,204336,626,9739.511,9739.511,0.0,0.0,6336.458,927.3765,44.3793,0.42586914,2430.871
2581881885,5915626,5947970,204667,615,9739.543,9739.543,0.0,0.0,6336.7393,927.33093,44.390316,0.42616037,2430.657
2595640874,5946837,5960922,205024,626,9739.403,9739.403,0.0,0.0,6336.9424,927.28125,44.39549,0.4268906,2430.3574
2610063690,5978010,5973350,205322,612,9739.199,9739.199,0.0,0.0,6336.7905,927.1175,44.405437,0.42698854,2430.4583
2625364117,6009167,5987287,205655,621,9739.094,9739.094,0.0,0.0,6336.9297,927.03107,44.389587,0.4264893,2430.3174
2640330373,6040306,6000398,206018,618,9738.893,9738.893,0.0,0.0,6336.769,926.8825,44.424194,0.42599615,2430.3909
2653559273,6071493,6011921,206320,625,9738.887,9738.887,0.0,0.0,6336.9175,926.77,44.412045,0.42591846,2430.3616
2665120187,6102685,6023581,206630,612,9738.832,9738.832,0.0,0.0,6337.067,926.6564,44.42274,0.42585707,2430.2605
2681322037,6133884,6036998,206994,618,9738.72,9738.72,0.0,0.0,6336.739,926.5754,44.42206,0.42603683,2430.558
2695906777,6165090,6049754,207333,604,9738.754,9738.754,0.0,0.0,6336.855,926.4685,44.473732,0.42586958,2430.5303
2709942932,6196294,6062211,207710,612,9738.734,9738.734,0.0,0.0,6336.9077,926.3472,44.487087,0.42580527,2430.5662
2722901807,6227493,6074297,208029,607,9738.69,9738.69,0.0,0.0,6337.3623,926.2449,44.491913,0.4260069,2430.1658
2738532245,6259119,6087014,208396,613,9738.4375,9738.4375,0.0,0.0,6337.241,926.14404,44.49191,0.42611188,2430.1345
2751706834,6290326,6099430,208733,614,9738.364,9738.364,0.0,0.0,6337.6235,926.0671,44.484753,0.42621976,2429.7627
2765659362,6321542,6112947,209073,610,9738.126,9738.126,0.0,0.0,6337.437,925.9894,44.475975,0.42650178,2429.7966
2778368570,6352743,6124836,209404,610,9738.003,9738.003,0.0,0.0,6337.1494,925.95966,44.4716,0.42648506,2429.9958
2792736032,6383941,6137643,209802,604,9738.1455,9738.1455,0.0,0.0,6337.1855,925.9564,44.479652,0.426616,2430.097
2808618077,6414931,6149259,210121,604,9738.176,9738.176,0.0,0.0,6337.38,925.89685,44.485565,0.42666277,2429.9868
2820203287,6446078,6160872,210454,602,9738.129,9738.129,0.0,0.0,6337.391,925.83997,44.501305,0.42672807,2429.9697
2832705623,6477247,6172263,210774,607,9738.085,9738.085,0.0,0.0,6337.4053,925.83344,44.50053,0.42687526,2429.9185
2847140743,6508477,6186806,211161,608,9737.995,9737.995,0.0,0.0,6337.4307,925.831,44.51306,0.42687273,2429.7932
2860630151,6539629,6198598,211524,607,9737.924,9737.924,0.0,0.0,6337.457,925.79016,44.52023,0.42692488,2429.7292
2873181324,6570798,6211385,211879,599,9737.876,9737.876,0.0,0.0,6337.2354,925.75507,44.49564,0.42710665,2429.9624
2885407432,6601966,6223256,212228,600,9737.958,9737.958,0.0,0.0,6337.5635,925.7422,44.515625,0.4272046,2429.7095
2898581651,6633121,6235805,212607,607,9737.814,9737.814,0.0,0.0,6337.4204,925.63495,44.50904,0.42732576,2429.8225
2911177129,6664301,6247431,212943,612,9737.8125,9737.8125,0.0,0.0,6337.572,925.57825,44.509262,0.42728335,2429.726
2924690115,6695509,6259267,213278,603,9737.732,9737.732,0.0,0.0,6337.7476,925.5414,44.49148,0.42739168,2429.5251
2937964828,6726714,6271249,213623,603,9737.627,9737.627,0.0,0.0,6337.605,925.46814,44.490067,0.42745224,2429.6362
2952928834,6757758,6283710,213989,601,9737.611,9737.611,0.0,0.0,6337.492,925.4155,44.481613,0.4275458,2429.794
2968781987,6788957,6296182,214341,608,9737.628,9737.628,0.0,0.0,6337.807,925.40393,44.470467,0.42765483,2429.5186
2981295222,6820114,6307892,214723,612,9737.468,9737.468,0.0,0.0,6337.7695,925.33405,44.48227,0.4277449,2429.4548
2992914779,6851207,6318811,215069,605,9737.393,9737.393,0.0,0.0,6337.648,925.253,44.47631,0.4278848,2429.587
3006422249,6882322,6331723,215444,599,9737.3955,9737.3955,0.0,0.0,6337.5073,925.1763,44.495777,0.42801562,2429.7878
3019966402,6913494,6344485,215808,602,9737.41,9737.41,0.0,0.0,6337.5205,925.1781,44.489185,0.42806613,2429.794
3033451519,6944692,6356994,216205,600,9737.417,9737.417,0.0,0.0,6337.796,925.1694,44.48588,0.4281162,2429.5376
3046847294,6975878,6368257,216555,602,9737.314,9737.314,0.0,0.0,6337.952,925.11505,44.479927,0.42827335,2429.3386
3059591532,7007091,6380633,216912,605,9737.132,9737.132,0.0,0.0,6337.634,925.0345,44.49404,0.4283227,2429.5415
3072387243,7038202,6392325,217253,599,9737.205,9737.205,0.0,0.0,6337.6924,925.0184,44.49774,0.42830426,2429.5686
3084888343,7069418,6403858,217575,602,9737.157,9737.157,0.0,0.0,6337.6226,924.99115,44.488094,0.4283224,2429.6272
3099432654,7100598,6415455,217929,607,9737.188,9737.188,0.0,0.0,6337.9644,924.9776,44.479816,0.42829075,2429.3381
3114451781,7131801,6428112,218292,599,9737.015,9737.015,0.0,0.0,6337.5645,924.958,44.489822,0.42839295,2429.5745
3128420298,7162974,6440040,218656,600,9737.087,9737.087,0.0,0.0,6337.743,924.94336,44.492424,0.4284473,2429.4792
3141154815,7194139,6451789,219003,599,9737.062,9737.062,0.0,0.0,6337.708,924.9286,44.483837,0.4284942,2429.5127
3153596746,7225334,6463730,219328,600,9737.051,9737.051,0.0,0.0,6337.881,924.9096,44.50219,0.4285754,2429.3298
